id	kind	reference	numbers	read in full	reviewed by
h2750	hadith	Sahih al-Bukhari 1858	Sahih al-Bukhari: matched	https://hadeethenc.com/en/browse/hadith/2750	
h2751	hadith	Sahih al-Bukhari 1488	Sahih al-Bukhari: matched	https://hadeethenc.com/en/browse/hadith/2751	
h2754	hadith	Sahih al-Bukhari 2044	Sahih al-Bukhari: matched	https://hadeethenc.com/en/browse/hadith/2754	
h2755	hadith	Sahih al-Bukhari 4519	Sahih al-Bukhari: matched	https://hadeethenc.com/en/browse/hadith/2755	
h2758	hadith	Sahih al-Bukhari 1521; Sahih Muslim 1350	Sahih al-Bukhari: HadeethEnc; Sahih Muslim: HadeethEnc	https://hadeethenc.com/en/browse/hadith/2758	
h2759	hadith	Sahih al-Bukhari 1520	Sahih al-Bukhari: HadeethEnc	https://hadeethenc.com/en/browse/hadith/2759	
h2935	hadith	Sahih al-Bukhari 5456; Sahih Muslim 2031	Sahih al-Bukhari: matched; Sahih Muslim: matched	https://hadeethenc.com/en/browse/hadith/2935	
h2936	hadith	Sahih al-Bukhari 3188; Sahih Muslim 1735	Sahih al-Bukhari: HadeethEnc; Sahih Muslim: HadeethEnc	https://hadeethenc.com/en/browse/hadith/2936	
h2952	hadith	Sahih al-Bukhari 5585; Sahih Muslim 2001	Sahih al-Bukhari: matched; Sahih Muslim: matched	https://hadeethenc.com/en/browse/hadith/2952	
h2962	hadith	Sahih al-Bukhari 6864; Sahih Muslim 1678	Sahih al-Bukhari: HadeethEnc; Sahih Muslim: HadeethEnc	https://hadeethenc.com/en/browse/hadith/2962	
h2963	hadith	Sahih Muslim 1749; also in Sahih al-Bukhari	Sahih Muslim: matched	https://hadeethenc.com/en/browse/hadith/2963	
h2971	hadith	Sahih al-Bukhari 5565; Sahih Muslim 1966	Sahih al-Bukhari: HadeethEnc; Sahih Muslim: HadeethEnc	https://hadeethenc.com/en/browse/hadith/2971	
h2979	hadith	Sahih al-Bukhari 4418; also in Sahih Muslim	Sahih al-Bukhari: matched	https://hadeethenc.com/en/browse/hadith/2979	
h2986	hadith	Sahih al-Bukhari 5834; Sahih Muslim 2069	Sahih al-Bukhari: HadeethEnc; Sahih Muslim: HadeethEnc	https://hadeethenc.com/en/browse/hadith/2986	
h2990	hadith	Sahih al-Bukhari 3551; Sahih Muslim 2337	Sahih al-Bukhari: HadeethEnc; Sahih Muslim: HadeethEnc	https://hadeethenc.com/en/browse/hadith/2990	
h2997	hadith	Sahih al-Bukhari 7071; Sahih Muslim 100	Sahih al-Bukhari: HadeethEnc; Sahih Muslim: HadeethEnc	https://hadeethenc.com/en/browse/hadith/2997	
h3009	hadith	Sahih al-Bukhari 4491; also in Sahih Muslim	Sahih al-Bukhari: matched	https://hadeethenc.com/en/browse/hadith/3009	
h3013	hadith	Sahih al-Bukhari 611; Sahih Muslim 383	Sahih al-Bukhari: HadeethEnc; Sahih Muslim: HadeethEnc	https://hadeethenc.com/en/browse/hadith/3013	
h3014	hadith	Sahih al-Bukhari 206; Sahih Muslim 274	Sahih al-Bukhari: HadeethEnc; Sahih Muslim: HadeethEnc	https://hadeethenc.com/en/browse/hadith/3014	
h3015	hadith	Sahih al-Bukhari 2656; Sahih Muslim 1092	Sahih al-Bukhari: matched; Sahih Muslim: matched	https://hadeethenc.com/en/browse/hadith/3015	
h3018	hadith	Sahih al-Bukhari 168; Sahih Muslim 268	Sahih al-Bukhari: HadeethEnc; Sahih Muslim: HadeethEnc	https://hadeethenc.com/en/browse/hadith/3018	
h3022	hadith	Sahih al-Bukhari 1576; also in Sahih Muslim	Sahih al-Bukhari: matched	https://hadeethenc.com/en/browse/hadith/3022	
h3024	hadith	Sahih al-Bukhari 1597; Sahih Muslim 1270	Sahih al-Bukhari: HadeethEnc; Sahih Muslim: HadeethEnc	https://hadeethenc.com/en/browse/hadith/3024	
h3025	hadith	Sahih al-Bukhari 1607; Sahih Muslim 1272	Sahih al-Bukhari: matched; Sahih Muslim: matched	https://hadeethenc.com/en/browse/hadith/3025	
h3026	hadith	Sahih al-Bukhari 1609; also in Sahih Muslim	Sahih al-Bukhari: matched	https://hadeethenc.com/en/browse/hadith/3026	
h3030	hadith	Sahih al-Bukhari 152; Sahih Muslim 271	Sahih al-Bukhari: HadeethEnc; Sahih Muslim: HadeethEnc	https://hadeethenc.com/en/browse/hadith/3030	
h3031	hadith	Sahih al-Bukhari 723; Sahih Muslim 433	Sahih al-Bukhari: HadeethEnc; Sahih Muslim: HadeethEnc	https://hadeethenc.com/en/browse/hadith/3031	
h3038	hadith	Sahih al-Bukhari 4731	Sahih al-Bukhari: matched	https://hadeethenc.com/en/browse/hadith/3038	
h3040	hadith	Sahih al-Bukhari 1533; Sahih Muslim 1257	Sahih al-Bukhari: matched; Sahih Muslim: matched	https://hadeethenc.com/en/browse/hadith/3040	
h3043	hadith	Sahih Muslim 2513; also in Sahih al-Bukhari	Sahih Muslim: matched	https://hadeethenc.com/en/browse/hadith/3043	
h3044	hadith	Sahih al-Bukhari 6675	Sahih al-Bukhari: HadeethEnc	https://hadeethenc.com/en/browse/hadith/3044	
h3053	hadith	Sahih Muslim 2742	Sahih Muslim: HadeethEnc	https://hadeethenc.com/en/browse/hadith/3053	
h3060	hadith	Sahih al-Bukhari 6092; Sahih Muslim 899	Sahih al-Bukhari: HadeethEnc; Sahih Muslim: HadeethEnc	https://hadeethenc.com/en/browse/hadith/3060	
h3063	hadith	Sahih al-Bukhari 245; Sahih Muslim 255	Sahih al-Bukhari: HadeethEnc; Sahih Muslim: HadeethEnc	https://hadeethenc.com/en/browse/hadith/3063	
h3064	hadith	Sahih Muslim 361; also in Sahih al-Bukhari	Sahih Muslim: matched	https://hadeethenc.com/en/browse/hadith/3064	
h3065	hadith	Sahih Muslim 1317; also in Sahih al-Bukhari	Sahih Muslim: matched	https://hadeethenc.com/en/browse/hadith/3065	
h3079	hadith	Sahih al-Bukhari 154; Sahih Muslim 267	Sahih al-Bukhari: HadeethEnc; Sahih Muslim: HadeethEnc	https://hadeethenc.com/en/browse/hadith/3079	
h3086	hadith	Sahih al-Bukhari 691; Sahih Muslim 427	Sahih al-Bukhari: HadeethEnc; Sahih Muslim: HadeethEnc	https://hadeethenc.com/en/browse/hadith/3086	
h3088	hadith	Sahih Muslim 560	Sahih Muslim: HadeethEnc	https://hadeethenc.com/en/browse/hadith/3088	
h3098	hadith	Sahih al-Bukhari 509; also in Sahih Muslim	Sahih al-Bukhari: matched	https://hadeethenc.com/en/browse/hadith/3098	
h3101	hadith	Sahih Muslim 911; also in Sahih al-Bukhari	Sahih Muslim: matched	https://hadeethenc.com/en/browse/hadith/3101	
h3107	hadith	Sahih al-Bukhari 934; Sahih Muslim 851	Sahih al-Bukhari: HadeethEnc; Sahih Muslim: HadeethEnc	https://hadeethenc.com/en/browse/hadith/3107	
h3108	hadith	Sahih al-Bukhari 1634; Sahih Muslim 1315	Sahih al-Bukhari: matched; Sahih Muslim: matched	https://hadeethenc.com/en/browse/hadith/3108	
h3111	hadith	Sahih al-Bukhari 822; Sahih Muslim 493	Sahih al-Bukhari: matched; Sahih Muslim: matched	https://hadeethenc.com/en/browse/hadith/3111	
h3118	hadith	Sahih al-Bukhari 1414; Sahih Muslim 1012	Sahih al-Bukhari: matched; Sahih Muslim: matched	https://hadeethenc.com/en/browse/hadith/3118	
h3121	hadith	Sahih al-Bukhari 6434	Sahih al-Bukhari: matched	https://hadeethenc.com/en/browse/hadith/3121	
h3124	hadith	Sahih al-Bukhari 5251; Sahih Muslim 1321	Sahih al-Bukhari: matched; Sahih Muslim: matched	https://hadeethenc.com/en/browse/hadith/3124	
h3125	hadith	Sahih Muslim 1023; also in Sahih al-Bukhari	Sahih Muslim: matched	https://hadeethenc.com/en/browse/hadith/3125	
h3130	hadith	Sahih Muslim 964	Sahih Muslim: matched	https://hadeethenc.com/en/browse/hadith/3130	
h3132	hadith	Sahih al-Bukhari 1699; Sahih Muslim 1321	Sahih al-Bukhari: matched; Sahih Muslim: matched	https://hadeethenc.com/en/browse/hadith/3132	
h3135	hadith	Sahih al-Bukhari 5353; Sahih Muslim 2982	Sahih al-Bukhari: HadeethEnc; Sahih Muslim: HadeethEnc	https://hadeethenc.com/en/browse/hadith/3135	
h3141	hadith	Sahih al-Bukhari 4539; also in Sahih Muslim	Sahih al-Bukhari: matched	https://hadeethenc.com/en/browse/hadith/3141	
h3153	hadith	Sahih al-Bukhari 6102; Sahih Muslim 2320	Sahih al-Bukhari: HadeethEnc; Sahih Muslim: HadeethEnc	https://hadeethenc.com/en/browse/hadith/3153	
h3154	hadith	Sahih al-Bukhari 7; also in Sahih Muslim	Sahih al-Bukhari: matched	https://hadeethenc.com/en/browse/hadith/3154	
h3156	hadith	Sahih al-Bukhari 3603; Sahih Muslim 1843	Sahih al-Bukhari: HadeethEnc; Sahih Muslim: HadeethEnc	https://hadeethenc.com/en/browse/hadith/3156	
h3157	hadith	Sahih Muslim 1909	Sahih Muslim: HadeethEnc	https://hadeethenc.com/en/browse/hadith/3157	
h3162	hadith	Sahih al-Bukhari 6424	Sahih al-Bukhari: matched	https://hadeethenc.com/en/browse/hadith/3162	
h3184	hadith	Sahih al-Bukhari 3241; Sahih Muslim 2737	Sahih al-Bukhari: matched; Sahih Muslim: matched	https://hadeethenc.com/en/browse/hadith/3184	
h3219	hadith	Sahih Muslim 2733	Sahih Muslim: HadeethEnc	https://hadeethenc.com/en/browse/hadith/3219	
h3220	hadith	Sahih al-Bukhari 390; Sahih Muslim 495	Sahih al-Bukhari: HadeethEnc; Sahih Muslim: HadeethEnc	https://hadeethenc.com/en/browse/hadith/3220	
h3229	hadith	Sahih al-Bukhari 1755; Sahih Muslim 1328	Sahih al-Bukhari: matched; Sahih Muslim: matched	https://hadeethenc.com/en/browse/hadith/3229	
h3272	hadith	Sahih Muslim 153	Sahih Muslim: HadeethEnc	https://hadeethenc.com/en/browse/hadith/3272	
h3276	hadith	Sahih Muslim 35; also in Sahih al-Bukhari	Sahih Muslim: matched	https://hadeethenc.com/en/browse/hadith/3276	
h3298	hadith	Sahih Muslim 2999	Sahih Muslim: HadeethEnc	https://hadeethenc.com/en/browse/hadith/3298	
h3305	hadith	Sahih al-Bukhari 4330; Sahih Muslim 1061	Sahih al-Bukhari: matched; Sahih Muslim: matched	https://hadeethenc.com/en/browse/hadith/3305	
h3307	hadith	Sahih al-Bukhari 605; Sahih Muslim 378	Sahih al-Bukhari: matched; Sahih Muslim: matched	https://hadeethenc.com/en/browse/hadith/3307	
h3311	hadith	Sahih Muslim 1826	Sahih Muslim: matched	https://hadeethenc.com/en/browse/hadith/3311	
h3342	hadith	Sahih Muslim 2985	Sahih Muslim: HadeethEnc	https://hadeethenc.com/en/browse/hadith/3342	
h3354	hadith	Sahih al-Bukhari 5223; Sahih Muslim 2761	Sahih al-Bukhari: HadeethEnc; Sahih Muslim: HadeethEnc	https://hadeethenc.com/en/browse/hadith/3354	
h3355	hadith	Sahih al-Bukhari 7320; Sahih Muslim 2669	Sahih al-Bukhari: HadeethEnc; Sahih Muslim: HadeethEnc	https://hadeethenc.com/en/browse/hadith/3355	
h3360	hadith	Sahih Muslim 2631	Sahih Muslim: HadeethEnc	https://hadeethenc.com/en/browse/hadith/3360	
h3361	hadith	Sahih Muslim 54	Sahih Muslim: HadeethEnc	https://hadeethenc.com/en/browse/hadith/3361	
h3364	hadith	Sahih al-Bukhari 887; Sahih Muslim 252	Sahih al-Bukhari: HadeethEnc; Sahih Muslim: HadeethEnc	https://hadeethenc.com/en/browse/hadith/3364	
h3367	hadith	Sahih al-Bukhari 2896	Sahih al-Bukhari: HadeethEnc	https://hadeethenc.com/en/browse/hadith/3367	
h3369	hadith	Sahih Muslim 2566	Sahih Muslim: matched	https://hadeethenc.com/en/browse/hadith/3369	
h3379	hadith	Sahih al-Bukhari 1442; Sahih Muslim 1010	Sahih al-Bukhari: HadeethEnc; Sahih Muslim: HadeethEnc	https://hadeethenc.com/en/browse/hadith/3379	
h3406	hadith	Sahih al-Bukhari 3445	Sahih al-Bukhari: HadeethEnc	https://hadeethenc.com/en/browse/hadith/3406	
h3407	hadith	Sahih al-Bukhari 5707; Sahih Muslim 2220	Sahih al-Bukhari: HadeethEnc; Sahih Muslim: HadeethEnc	https://hadeethenc.com/en/browse/hadith/3407	
h3418	hadith	Sahih Muslim 93	Sahih Muslim: HadeethEnc	https://hadeethenc.com/en/browse/hadith/3418	
h3419	hadith	Sahih al-Bukhari 4497; Sahih Muslim 92	Sahih al-Bukhari: HadeethEnc; Sahih Muslim: HadeethEnc	https://hadeethenc.com/en/browse/hadith/3419	
h3420	hadith	Sahih Muslim 2670	Sahih Muslim: HadeethEnc	https://hadeethenc.com/en/browse/hadith/3420	
h3422	hadith	Sahih al-Bukhari 5756; Sahih Muslim 2224	Sahih al-Bukhari: HadeethEnc; Sahih Muslim: HadeethEnc	https://hadeethenc.com/en/browse/hadith/3422	
h3438	hadith	Sahih al-Bukhari 3783; Sahih Muslim 75	Sahih al-Bukhari: HadeethEnc; Sahih Muslim: HadeethEnc	https://hadeethenc.com/en/browse/hadith/3438	
h3440	hadith	Sahih al-Bukhari 1169; Sahih Muslim 724	Sahih al-Bukhari: HadeethEnc; Sahih Muslim: HadeethEnc	https://hadeethenc.com/en/browse/hadith/3440	
h3441	hadith	Sahih Muslim 650; also in Sahih al-Bukhari	Sahih Muslim: matched	https://hadeethenc.com/en/browse/hadith/3441	
h3445	hadith	Sahih al-Bukhari 7321; Sahih Muslim 1677	Sahih al-Bukhari: matched; Sahih Muslim: matched	https://hadeethenc.com/en/browse/hadith/3445	
h3447	hadith	Sahih al-Bukhari 3653; Sahih Muslim 2381	Sahih al-Bukhari: HadeethEnc; Sahih Muslim: HadeethEnc	https://hadeethenc.com/en/browse/hadith/3447	
h3449	hadith	Sahih al-Bukhari 321; Sahih Muslim 335	Sahih al-Bukhari: HadeethEnc; Sahih Muslim: HadeethEnc	https://hadeethenc.com/en/browse/hadith/3449	
h3463	hadith	Sahih al-Bukhari 95	Sahih al-Bukhari: matched	https://hadeethenc.com/en/browse/hadith/3463	
h3466	hadith	Sahih al-Bukhari 3639	Sahih al-Bukhari: matched	https://hadeethenc.com/en/browse/hadith/3466	
h3469	hadith	Sahih al-Bukhari 5673; Sahih Muslim 2816	Sahih al-Bukhari: HadeethEnc; Sahih Muslim: HadeethEnc	https://hadeethenc.com/en/browse/hadith/3469	
h3475	hadith	Sahih al-Bukhari 6474	Sahih al-Bukhari: HadeethEnc	https://hadeethenc.com/en/browse/hadith/3475	
h3479	hadith	Sahih al-Bukhari 6477; also in Sahih Muslim	Sahih al-Bukhari: matched	https://hadeethenc.com/en/browse/hadith/3479	
h3512	hadith	Sahih al-Bukhari 524; Sahih Muslim 56	Sahih al-Bukhari: HadeethEnc; Sahih Muslim: HadeethEnc	https://hadeethenc.com/en/browse/hadith/3512	
h3528	hadith	Sahih al-Bukhari 699; also in Sahih Muslim	Sahih al-Bukhari: matched	https://hadeethenc.com/en/browse/hadith/3528	
h3539	hadith	Sahih al-Bukhari 372; also in Sahih Muslim	Sahih al-Bukhari: matched	https://hadeethenc.com/en/browse/hadith/3539	
h3553	hadith	Sahih al-Bukhari 2996	Sahih al-Bukhari: HadeethEnc	https://hadeethenc.com/en/browse/hadith/3553	
h3573	hadith	Sahih al-Bukhari 4918; Sahih Muslim 2853	Sahih al-Bukhari: HadeethEnc; Sahih Muslim: HadeethEnc	https://hadeethenc.com/en/browse/hadith/3573	
h3580	hadith	Sahih Muslim 1038	Sahih Muslim: matched	https://hadeethenc.com/en/browse/hadith/3580	
h3581	hadith	Sahih al-Bukhari 6488	Sahih al-Bukhari: HadeethEnc	https://hadeethenc.com/en/browse/hadith/3581	
h3584	hadith	Sahih Muslim 2956	Sahih Muslim: HadeethEnc	https://hadeethenc.com/en/browse/hadith/3584	
h3586	hadith	Sahih al-Bukhari 3292; Sahih Muslim 2261	Sahih al-Bukhari: HadeethEnc; Sahih Muslim: HadeethEnc	https://hadeethenc.com/en/browse/hadith/3586	
h3591	hadith	Sahih Muslim 233	Sahih Muslim: HadeethEnc	https://hadeethenc.com/en/browse/hadith/3591	
h3592	hadith	Sahih Muslim 2948	Sahih Muslim: matched	https://hadeethenc.com/en/browse/hadith/3592	
h3594	hadith	Sahih al-Bukhari 3477; Sahih Muslim 1792	Sahih al-Bukhari: matched; Sahih Muslim: matched	https://hadeethenc.com/en/browse/hadith/3594	
h3596	hadith	Sahih Muslim 2721	Sahih Muslim: HadeethEnc	https://hadeethenc.com/en/browse/hadith/3596	
h3599	hadith	Sahih al-Bukhari 1429; Sahih Muslim 1033	Sahih al-Bukhari: HadeethEnc; Sahih Muslim: HadeethEnc	https://hadeethenc.com/en/browse/hadith/3599	
h3624	hadith	Sahih al-Bukhari 2790	Sahih al-Bukhari: matched	https://hadeethenc.com/en/browse/hadith/3624	
h3625	hadith	Sahih Muslim 757	Sahih Muslim: matched	https://hadeethenc.com/en/browse/hadith/3625	
h3645	hadith	Sahih al-Bukhari 442	Sahih al-Bukhari: matched	https://hadeethenc.com/en/browse/hadith/3645	
h3655	hadith	Sahih Muslim 750	Sahih Muslim: matched	https://hadeethenc.com/en/browse/hadith/3655	
h3686	hadith	Sahih al-Bukhari 3461	Sahih al-Bukhari: HadeethEnc	https://hadeethenc.com/en/browse/hadith/3686	
h3688	hadith	Sahih al-Bukhari 6054; also in Sahih Muslim	Sahih al-Bukhari: matched	https://hadeethenc.com/en/browse/hadith/3688	
h3701	hadith	Sahih al-Bukhari 5641; Sahih Muslim 2572	Sahih al-Bukhari: HadeethEnc; Sahih Muslim: HadeethEnc	https://hadeethenc.com/en/browse/hadith/3701	
h3702	hadith	Sahih al-Bukhari 6487	Sahih al-Bukhari: HadeethEnc	https://hadeethenc.com/en/browse/hadith/3702	
h3706	hadith	Sahih al-Bukhari 1240; Sahih Muslim 2162	Sahih al-Bukhari: HadeethEnc; Sahih Muslim: HadeethEnc	https://hadeethenc.com/en/browse/hadith/3706	
h3711	hadith	Sahih Muslim 854	Sahih Muslim: HadeethEnc	https://hadeethenc.com/en/browse/hadith/3711	
h3714	hadith	Sahih al-Bukhari 3270; Sahih Muslim 774	Sahih al-Bukhari: HadeethEnc; Sahih Muslim: HadeethEnc	https://hadeethenc.com/en/browse/hadith/3714	
h3715	hadith	Sahih Muslim 2622	Sahih Muslim: HadeethEnc	https://hadeethenc.com/en/browse/hadith/3715	
h3716	hadith	Sahih al-Bukhari 2076	Sahih al-Bukhari: HadeethEnc	https://hadeethenc.com/en/browse/hadith/3716	
h3718	hadith	Sahih Muslim 2551	Sahih Muslim: HadeethEnc	https://hadeethenc.com/en/browse/hadith/3718	
h3719	hadith	Sahih Muslim 2676	Sahih Muslim: HadeethEnc	https://hadeethenc.com/en/browse/hadith/3719	
h3734	hadith	Sahih Muslim 787	Sahih Muslim: matched	https://hadeethenc.com/en/browse/hadith/3734	
h3753	hadith	Sahih al-Bukhari 3480; Sahih Muslim 1562	Sahih al-Bukhari: HadeethEnc; Sahih Muslim: HadeethEnc	https://hadeethenc.com/en/browse/hadith/3753	
h3755	hadith	Sahih Muslim 1175	Sahih Muslim: HadeethEnc	https://hadeethenc.com/en/browse/hadith/3755	
h3773	hadith	Sahih al-Bukhari 6413; Sahih Muslim 1805	Sahih al-Bukhari: HadeethEnc; Sahih Muslim: HadeethEnc	https://hadeethenc.com/en/browse/hadith/3773	
h3775	hadith	Sahih Muslim 1510	Sahih Muslim: matched	https://hadeethenc.com/en/browse/hadith/3775	
h3776	hadith	Sahih al-Bukhari 4729; Sahih Muslim 2785	Sahih al-Bukhari: matched; Sahih Muslim: matched	https://hadeethenc.com/en/browse/hadith/3776	
h3777	hadith	Sahih Muslim 2590	Sahih Muslim: HadeethEnc	https://hadeethenc.com/en/browse/hadith/3777	
h3779	hadith	Sahih Muslim 2877	Sahih Muslim: HadeethEnc	https://hadeethenc.com/en/browse/hadith/3779	
h3795	hadith	Sahih al-Bukhari 6990	Sahih al-Bukhari: matched	https://hadeethenc.com/en/browse/hadith/3795	
h3852	hadith	Sahih al-Bukhari 6446; Sahih Muslim 1051	Sahih al-Bukhari: matched; Sahih Muslim: matched	https://hadeethenc.com/en/browse/hadith/3852	
h3866	hadith	Sahih al-Bukhari 6067	Sahih al-Bukhari: matched	https://hadeethenc.com/en/browse/hadith/3866	
h3876	hadith	Sahih Muslim 2858	Sahih Muslim: matched	https://hadeethenc.com/en/browse/hadith/3876	
h3908	hadith	Sahih Muslim 2755	Sahih Muslim: matched	https://hadeethenc.com/en/browse/hadith/3908	
h4196	hadith	Sahih al-Bukhari 38; Sahih Muslim 760	Sahih al-Bukhari: HadeethEnc; Sahih Muslim: HadeethEnc	https://hadeethenc.com/en/browse/hadith/4196	
h4198	hadith	Sahih al-Bukhari 574; Sahih Muslim 635	Sahih al-Bukhari: HadeethEnc; Sahih Muslim: HadeethEnc	https://hadeethenc.com/en/browse/hadith/4198	
h4202	hadith	Sahih al-Bukhari 35; Sahih Muslim 760	Sahih al-Bukhari: HadeethEnc; Sahih Muslim: HadeethEnc	https://hadeethenc.com/en/browse/hadith/4202	
h4204	hadith	Sahih al-Bukhari 5645	Sahih al-Bukhari: HadeethEnc	https://hadeethenc.com/en/browse/hadith/4204	
h4217	hadith	Sahih Muslim 3016; also in Sahih al-Bukhari	Sahih Muslim: matched	https://hadeethenc.com/en/browse/hadith/4217	
h4223	hadith	Sahih al-Bukhari 1121; Sahih Muslim 2479	Sahih al-Bukhari: matched; Sahih Muslim: matched	https://hadeethenc.com/en/browse/hadith/4223	
h4225	hadith	Sahih al-Bukhari 4707; also in Sahih Muslim	Sahih al-Bukhari: matched	https://hadeethenc.com/en/browse/hadith/4225	
h4228	hadith	Sahih al-Bukhari 1128; Sahih Muslim 718	Sahih al-Bukhari: matched; Sahih Muslim: matched	https://hadeethenc.com/en/browse/hadith/4228	
h4231	hadith	Sahih al-Bukhari 1334; also in Sahih Muslim	Sahih al-Bukhari: matched	https://hadeethenc.com/en/browse/hadith/4231	
h4235	hadith	Sahih al-Bukhari 6294; Sahih Muslim 2016	Sahih al-Bukhari: matched; Sahih Muslim: matched	https://hadeethenc.com/en/browse/hadith/4235	
h4239	hadith	Sahih al-Bukhari 3097; also in Sahih Muslim	Sahih al-Bukhari: matched	https://hadeethenc.com/en/browse/hadith/4239	
h4244	hadith	Sahih Muslim 2977	Sahih Muslim: HadeethEnc	https://hadeethenc.com/en/browse/hadith/4244	
h4247	hadith	Sahih al-Bukhari 730; Sahih Muslim 1106	Sahih al-Bukhari: matched; Sahih Muslim: matched	https://hadeethenc.com/en/browse/hadith/4247	
h4295	hadith	Sahih al-Bukhari 7288; Sahih Muslim 1337	Sahih al-Bukhari: HadeethEnc; Sahih Muslim: HadeethEnc	https://hadeethenc.com/en/browse/hadith/4295	
h4308	hadith	Sahih Muslim 2553	Sahih Muslim: HadeethEnc	https://hadeethenc.com/en/browse/hadith/4308	
h4309	hadith	Sahih Muslim 55	Sahih Muslim: HadeethEnc	https://hadeethenc.com/en/browse/hadith/4309	
h4318	hadith	Sahih Muslim 2759	Sahih Muslim: HadeethEnc	https://hadeethenc.com/en/browse/hadith/4318	
h4436	hadith	Sahih al-Bukhari 2840; Sahih Muslim 1153	Sahih al-Bukhari: HadeethEnc; Sahih Muslim: HadeethEnc	https://hadeethenc.com/en/browse/hadith/4436	
h4438	hadith	Sahih al-Bukhari 1957; Sahih Muslim 1098	Sahih al-Bukhari: HadeethEnc; Sahih Muslim: HadeethEnc	https://hadeethenc.com/en/browse/hadith/4438	
h4440	hadith	Sahih al-Bukhari 1846; Sahih Muslim 1357	Sahih al-Bukhari: matched; Sahih Muslim: matched	https://hadeethenc.com/en/browse/hadith/4440	
h4448	hadith	Sahih al-Bukhari 1749; also in Sahih Muslim	Sahih al-Bukhari: matched	https://hadeethenc.com/en/browse/hadith/4448	
h4449	hadith	Sahih al-Bukhari 1985; also in Sahih Muslim	Sahih al-Bukhari: matched	https://hadeethenc.com/en/browse/hadith/4449	
h4457	hadith	Sahih al-Bukhari 1921; Sahih Muslim 1097	Sahih al-Bukhari: HadeethEnc; Sahih Muslim: HadeethEnc	https://hadeethenc.com/en/browse/hadith/4457	
h4495	hadith	Sahih al-Bukhari 2026; Sahih Muslim 1172	Sahih al-Bukhari: HadeethEnc; Sahih Muslim: HadeethEnc	https://hadeethenc.com/en/browse/hadith/4495	
h4498	hadith	Sahih al-Bukhari 1923; Sahih Muslim 1095	Sahih al-Bukhari: HadeethEnc; Sahih Muslim: HadeethEnc	https://hadeethenc.com/en/browse/hadith/4498	
h4505	hadith	Sahih Muslim 1122; also in Sahih al-Bukhari	Sahih Muslim: matched	https://hadeethenc.com/en/browse/hadith/4505	
h4507	hadith	Sahih al-Bukhari 1943; also in Sahih Muslim	Sahih al-Bukhari: matched	https://hadeethenc.com/en/browse/hadith/4507	
h4508	hadith	Sahih al-Bukhari 1914; Sahih Muslim 1082	Sahih al-Bukhari: HadeethEnc; Sahih Muslim: HadeethEnc	https://hadeethenc.com/en/browse/hadith/4508	
h4520	hadith	Sahih al-Bukhari 1503; Sahih Muslim 986	Sahih al-Bukhari: HadeethEnc; Sahih Muslim: HadeethEnc	https://hadeethenc.com/en/browse/hadith/4520	
h4521	hadith	Sahih al-Bukhari 1088; Sahih Muslim 1339	Sahih al-Bukhari: HadeethEnc; Sahih Muslim: HadeethEnc	https://hadeethenc.com/en/browse/hadith/4521	
h4522	hadith	Sahih al-Bukhari 1925; also in Sahih Muslim	Sahih al-Bukhari: matched	https://hadeethenc.com/en/browse/hadith/4522	
h4525	hadith	Sahih al-Bukhari 1933; Sahih Muslim 1155	Sahih al-Bukhari: HadeethEnc; Sahih Muslim: HadeethEnc	https://hadeethenc.com/en/browse/hadith/4525	
h4527	hadith	Sahih al-Bukhari 1990; Sahih Muslim 1137	Sahih al-Bukhari: HadeethEnc; Sahih Muslim: HadeethEnc	https://hadeethenc.com/en/browse/hadith/4527	
h4529	hadith	Sahih al-Bukhari 1570; Sahih Muslim 1216	Sahih al-Bukhari: matched; Sahih Muslim: matched	https://hadeethenc.com/en/browse/hadith/4529	
h4530	hadith	Sahih al-Bukhari 1952; Sahih Muslim 1147	Sahih al-Bukhari: matched; Sahih Muslim: matched	https://hadeethenc.com/en/browse/hadith/4530	
h4532	hadith	Sahih al-Bukhari 1841	Sahih al-Bukhari: matched	https://hadeethenc.com/en/browse/hadith/4532	
h4533	hadith	Sahih al-Bukhari 1499	Sahih al-Bukhari: matched	https://hadeethenc.com/en/browse/hadith/4533	
h4538	hadith	Sahih al-Bukhari 1981; Sahih Muslim 721	Sahih al-Bukhari: HadeethEnc; Sahih Muslim: HadeethEnc	https://hadeethenc.com/en/browse/hadith/4538	
h4539	hadith	Sahih al-Bukhari 1666; also in Sahih Muslim	Sahih al-Bukhari: matched	https://hadeethenc.com/en/browse/hadith/4539	
h4540	hadith	Sahih al-Bukhari 2017; Sahih Muslim 1169	Sahih al-Bukhari: HadeethEnc; Sahih Muslim: HadeethEnc	https://hadeethenc.com/en/browse/hadith/4540	
h4547	hadith	Sahih al-Bukhari 1447; Sahih Muslim 979	Sahih al-Bukhari: matched; Sahih Muslim: matched	https://hadeethenc.com/en/browse/hadith/4547	
h4549	hadith	Sahih al-Bukhari 1900; Sahih Muslim 1080	Sahih al-Bukhari: HadeethEnc; Sahih Muslim: HadeethEnc	https://hadeethenc.com/en/browse/hadith/4549	
h4555	hadith	Sahih Muslim 2564	Sahih Muslim: HadeethEnc	https://hadeethenc.com/en/browse/hadith/4555	
h4559	hadith	Sahih al-Bukhari 6120	Sahih al-Bukhari: HadeethEnc	https://hadeethenc.com/en/browse/hadith/4559	
h4709	hadith	Sahih al-Bukhari 6116	Sahih al-Bukhari: HadeethEnc	https://hadeethenc.com/en/browse/hadith/4709	
h4717	hadith	Sahih al-Bukhari 13; Sahih Muslim 45	Sahih al-Bukhari: HadeethEnc; Sahih Muslim: HadeethEnc	https://hadeethenc.com/en/browse/hadith/4717	
h4725	hadith	Sahih Muslim 1337; also in Sahih al-Bukhari	Sahih Muslim: matched	https://hadeethenc.com/en/browse/hadith/4725	
h4792	hadith	Sahih al-Bukhari 2697; Sahih Muslim 1718	Sahih al-Bukhari: HadeethEnc; Sahih Muslim: HadeethEnc	https://hadeethenc.com/en/browse/hadith/4792	
h4797	hadith	Sahih Muslim 2703	Sahih Muslim: matched	https://hadeethenc.com/en/browse/hadith/4797	
h4808	hadith	Sahih al-Bukhari 6307	Sahih al-Bukhari: matched	https://hadeethenc.com/en/browse/hadith/4808	
h4809	hadith	Sahih Muslim 2702	Sahih Muslim: HadeethEnc	https://hadeethenc.com/en/browse/hadith/4809	
h4813	hadith	Sahih Muslim 553	Sahih Muslim: matched	https://hadeethenc.com/en/browse/hadith/4813	
h4828	hadith	Sahih al-Bukhari 5458	Sahih al-Bukhari: matched	https://hadeethenc.com/en/browse/hadith/4828	
h4829	hadith	Sahih Muslim 746	Sahih Muslim: matched	https://hadeethenc.com/en/browse/hadith/4829	
h4925	hadith	Sahih al-Bukhari 3992	Sahih al-Bukhari: matched	https://hadeethenc.com/en/browse/hadith/4925	
h4928	hadith	Sahih al-Bukhari 6133; also in Sahih Muslim	Sahih al-Bukhari: matched	https://hadeethenc.com/en/browse/hadith/4928	
h4931	hadith	Sahih al-Bukhari 694	Sahih al-Bukhari: matched	https://hadeethenc.com/en/browse/hadith/4931	
h4933	hadith	Sahih Muslim 671	Sahih Muslim: HadeethEnc	https://hadeethenc.com/en/browse/hadith/4933	
h4935	hadith	Sahih Muslim 1827	Sahih Muslim: HadeethEnc	https://hadeethenc.com/en/browse/hadith/4935	
h4938	hadith	Sahih Muslim 1828	Sahih Muslim: matched	https://hadeethenc.com/en/browse/hadith/4938	
h4939	hadith	Sahih Muslim 2592	Sahih Muslim: HadeethEnc	https://hadeethenc.com/en/browse/hadith/4939	
h4944	hadith	Sahih al-Bukhari 2024; Sahih Muslim 1174	Sahih al-Bukhari: HadeethEnc; Sahih Muslim: HadeethEnc	https://hadeethenc.com/en/browse/hadith/4944	
h4947	hadith	Sahih al-Bukhari 7280	Sahih al-Bukhari: HadeethEnc	https://hadeethenc.com/en/browse/hadith/4947	
h4963	hadith	Sahih al-Bukhari 6439; Sahih Muslim 1048	Sahih al-Bukhari: HadeethEnc; Sahih Muslim: HadeethEnc	https://hadeethenc.com/en/browse/hadith/4963	
h4966	hadith	Sahih al-Bukhari 3563; also in Sahih Muslim	Sahih al-Bukhari: matched	https://hadeethenc.com/en/browse/hadith/4966	
h4969	hadith	Sahih al-Bukhari 6011; Sahih Muslim 2586	Sahih al-Bukhari: HadeethEnc; Sahih Muslim: HadeethEnc	https://hadeethenc.com/en/browse/hadith/4969	
h5020	hadith	Sahih Muslim 2948	Sahih Muslim: HadeethEnc	https://hadeethenc.com/en/browse/hadith/5020	
h5141	hadith	Sahih al-Bukhari 6346; Sahih Muslim 2730	Sahih al-Bukhari: HadeethEnc; Sahih Muslim: HadeethEnc	https://hadeethenc.com/en/browse/hadith/5141	
h5204	hadith	Sahih Muslim 539; also in Sahih al-Bukhari	Sahih Muslim: matched	https://hadeethenc.com/en/browse/hadith/5204	
h5205	hadith	Sahih al-Bukhari 930; also in Sahih Muslim	Sahih al-Bukhari: matched	https://hadeethenc.com/en/browse/hadith/5205	
h5207	hadith	Sahih al-Bukhari 1102; also in Sahih Muslim	Sahih al-Bukhari: matched	https://hadeethenc.com/en/browse/hadith/5207	
h5210	hadith	Sahih Muslim 954; also in Sahih al-Bukhari	Sahih Muslim: matched	https://hadeethenc.com/en/browse/hadith/5210	
h5214	hadith	Sahih al-Bukhari 1065; Sahih Muslim 901	Sahih al-Bukhari: matched; Sahih Muslim: matched	https://hadeethenc.com/en/browse/hadith/5214	
h5217	hadith	Sahih al-Bukhari 382; Sahih Muslim 512	Sahih al-Bukhari: matched; Sahih Muslim: matched	https://hadeethenc.com/en/browse/hadith/5217	
h5218	hadith	Sahih Muslim 745; also in Sahih al-Bukhari	Sahih Muslim: matched	https://hadeethenc.com/en/browse/hadith/5218	
h5280	hadith	Sahih Muslim 2995	Sahih Muslim: HadeethEnc	https://hadeethenc.com/en/browse/hadith/5280	
h5320	hadith	Sahih Muslim 879; also in Sahih al-Bukhari	Sahih Muslim: matched	https://hadeethenc.com/en/browse/hadith/5320	
h5321	hadith	Sahih al-Bukhari 3050; Sahih Muslim 456	Sahih al-Bukhari: matched; Sahih Muslim: matched	https://hadeethenc.com/en/browse/hadith/5321	
h5322	hadith	Sahih al-Bukhari 963; also in Sahih Muslim	Sahih al-Bukhari: matched	https://hadeethenc.com/en/browse/hadith/5322	
h5323	hadith	Sahih al-Bukhari 1107	Sahih al-Bukhari: matched	https://hadeethenc.com/en/browse/hadith/5323	
h5330	hadith	Sahih Muslim 1828	Sahih Muslim: HadeethEnc	https://hadeethenc.com/en/browse/hadith/5330	
h5331	hadith	Sahih al-Bukhari 3118	Sahih al-Bukhari: HadeethEnc	https://hadeethenc.com/en/browse/hadith/5331	
h5333	hadith	Sahih al-Bukhari 48; Sahih Muslim 64	Sahih al-Bukhari: HadeethEnc; Sahih Muslim: HadeethEnc	https://hadeethenc.com/en/browse/hadith/5333	
h5335	hadith	Sahih al-Bukhari 7150; Sahih Muslim 142	Sahih al-Bukhari: HadeethEnc; Sahih Muslim: HadeethEnc	https://hadeethenc.com/en/browse/hadith/5335	
h5338	hadith	Sahih Muslim 2184; also in Sahih al-Bukhari	Sahih Muslim: matched	https://hadeethenc.com/en/browse/hadith/5338	
h5341	hadith	Sahih al-Bukhari 6490; Sahih Muslim 2963	Sahih al-Bukhari: HadeethEnc; Sahih Muslim: HadeethEnc	https://hadeethenc.com/en/browse/hadith/5341	
h5347	hadith	Sahih Muslim 2167	Sahih Muslim: HadeethEnc	https://hadeethenc.com/en/browse/hadith/5347	
h5348	hadith	Sahih Muslim 2626	Sahih Muslim: HadeethEnc	https://hadeethenc.com/en/browse/hadith/5348	
h5349	hadith	Sahih Muslim 2026	Sahih Muslim: matched	https://hadeethenc.com/en/browse/hadith/5349	
h5350	hadith	Sahih al-Bukhari 6269; Sahih Muslim 2177	Sahih al-Bukhari: matched; Sahih Muslim: matched	https://hadeethenc.com/en/browse/hadith/5350	
h5351	hadith	Sahih al-Bukhari 6114; Sahih Muslim 2609	Sahih al-Bukhari: HadeethEnc; Sahih Muslim: HadeethEnc	https://hadeethenc.com/en/browse/hadith/5351	
h5357	hadith	Sahih al-Bukhari 5855; also in Sahih Muslim	Sahih al-Bukhari: matched	https://hadeethenc.com/en/browse/hadith/5357	
h5364	hadith	Sahih al-Bukhari 1393	Sahih al-Bukhari: HadeethEnc	https://hadeethenc.com/en/browse/hadith/5364	
h5365	hadith	Sahih al-Bukhari 6077; Sahih Muslim 2560	Sahih al-Bukhari: HadeethEnc; Sahih Muslim: HadeethEnc	https://hadeethenc.com/en/browse/hadith/5365	
h5367	hadith	Sahih al-Bukhari 5984; Sahih Muslim 2556	Sahih al-Bukhari: HadeethEnc; Sahih Muslim: HadeethEnc	https://hadeethenc.com/en/browse/hadith/5367	
h5368	hadith	Sahih al-Bukhari 6056; Sahih Muslim 105	Sahih al-Bukhari: HadeethEnc; Sahih Muslim: HadeethEnc	https://hadeethenc.com/en/browse/hadith/5368	
h5369	hadith	Sahih Muslim 2097; also in Sahih al-Bukhari	Sahih Muslim: matched	https://hadeethenc.com/en/browse/hadith/5369	
h5370	hadith	Sahih al-Bukhari 5783; Sahih Muslim 2085	Sahih al-Bukhari: HadeethEnc; Sahih Muslim: HadeethEnc	https://hadeethenc.com/en/browse/hadith/5370	
h5372	hadith	Sahih al-Bukhari 5986; Sahih Muslim 2557	Sahih al-Bukhari: HadeethEnc; Sahih Muslim: HadeethEnc	https://hadeethenc.com/en/browse/hadith/5372	
h5378	hadith	Sahih al-Bukhari 756; Sahih Muslim 394	Sahih al-Bukhari: HadeethEnc; Sahih Muslim: HadeethEnc	https://hadeethenc.com/en/browse/hadith/5378	
h5380	hadith	Sahih al-Bukhari 1294; Sahih Muslim 103	Sahih al-Bukhari: HadeethEnc; Sahih Muslim: HadeethEnc	https://hadeethenc.com/en/browse/hadith/5380	
h5382	hadith	Sahih Muslim 482	Sahih Muslim: HadeethEnc	https://hadeethenc.com/en/browse/hadith/5382	
h5383	hadith	Sahih Muslim 804	Sahih Muslim: matched	https://hadeethenc.com/en/browse/hadith/5383	
h5394	hadith	Sahih al-Bukhari 894; Sahih Muslim 844	Sahih al-Bukhari: matched; Sahih Muslim: matched	https://hadeethenc.com/en/browse/hadith/5394	
h5400	hadith	Sahih al-Bukhari 985; also in Sahih Muslim	Sahih al-Bukhari: matched	https://hadeethenc.com/en/browse/hadith/5400	
h5402	hadith	Sahih Muslim 2731	Sahih Muslim: matched	https://hadeethenc.com/en/browse/hadith/5402	
h5404	hadith	Sahih al-Bukhari 1804; also in Sahih Muslim	Sahih al-Bukhari: matched	https://hadeethenc.com/en/browse/hadith/5404	
h5435	hadith	Sahih Muslim 657	Sahih Muslim: HadeethEnc	https://hadeethenc.com/en/browse/hadith/5435	
h5436	hadith	Sahih al-Bukhari 662; Sahih Muslim 669	Sahih al-Bukhari: HadeethEnc; Sahih Muslim: HadeethEnc	https://hadeethenc.com/en/browse/hadith/5436	
h5437	hadith	Sahih al-Bukhari 6018; Sahih Muslim 47	Sahih al-Bukhari: HadeethEnc; Sahih Muslim: HadeethEnc	https://hadeethenc.com/en/browse/hadith/5437	
h5439	hadith	Sahih al-Bukhari 6013; Sahih Muslim 2319	Sahih al-Bukhari: HadeethEnc; Sahih Muslim: HadeethEnc	https://hadeethenc.com/en/browse/hadith/5439	
h5443	hadith	Sahih Muslim 747	Sahih Muslim: matched	https://hadeethenc.com/en/browse/hadith/5443	
h5445	hadith	Sahih Muslim 2845	Sahih Muslim: matched	https://hadeethenc.com/en/browse/hadith/5445	
h5449	hadith	Sahih al-Bukhari 6412	Sahih al-Bukhari: HadeethEnc	https://hadeethenc.com/en/browse/hadith/5449	
h5452	hadith	Sahih al-Bukhari 5625; Sahih Muslim 2023	Sahih al-Bukhari: matched; Sahih Muslim: matched	https://hadeethenc.com/en/browse/hadith/5452	
h5454	hadith	Sahih Muslim 2749	Sahih Muslim: matched	https://hadeethenc.com/en/browse/hadith/5454	
h5458	hadith	Sahih Muslim 2086	Sahih Muslim: matched	https://hadeethenc.com/en/browse/hadith/5458	
h5459	hadith	Sahih Muslim 2878	Sahih Muslim: matched	https://hadeethenc.com/en/browse/hadith/5459	
h5461	hadith	Sahih al-Bukhari 2826; also in Sahih Muslim	Sahih al-Bukhari: matched	https://hadeethenc.com/en/browse/hadith/5461	
h5462	hadith	Sahih al-Bukhari 4938; Sahih Muslim 2862	Sahih al-Bukhari: matched; Sahih Muslim: matched	https://hadeethenc.com/en/browse/hadith/5462	
h5463	hadith	Sahih Muslim 2842	Sahih Muslim: matched	https://hadeethenc.com/en/browse/hadith/5463	
h5470	hadith	Sahih Muslim 483	Sahih Muslim: HadeethEnc	https://hadeethenc.com/en/browse/hadith/5470	
h5472	hadith	Sahih al-Bukhari 5674; Sahih Muslim 2444	Sahih al-Bukhari: matched; Sahih Muslim: matched	https://hadeethenc.com/en/browse/hadith/5472	
h5474	hadith	Sahih al-Bukhari 2457; Sahih Muslim 2668	Sahih al-Bukhari: HadeethEnc; Sahih Muslim: HadeethEnc	https://hadeethenc.com/en/browse/hadith/5474	
h5475	hadith	Sahih Muslim 2137	Sahih Muslim: HadeethEnc	https://hadeethenc.com/en/browse/hadith/5475	
h5478	hadith	Sahih al-Bukhari 24; Sahih Muslim 36	Sahih al-Bukhari: HadeethEnc; Sahih Muslim: HadeethEnc	https://hadeethenc.com/en/browse/hadith/5478	
h5488	hadith	Sahih Muslim 2739	Sahih Muslim: HadeethEnc	https://hadeethenc.com/en/browse/hadith/5488	
h5495	hadith	Sahih Muslim 2598	Sahih Muslim: HadeethEnc	https://hadeethenc.com/en/browse/hadith/5495	
h5497	hadith	Sahih Muslim 2865	Sahih Muslim: HadeethEnc	https://hadeethenc.com/en/browse/hadith/5497	
h5502	hadith	Sahih al-Bukhari 6389; Sahih Muslim 2690	Sahih al-Bukhari: HadeethEnc; Sahih Muslim: HadeethEnc	https://hadeethenc.com/en/browse/hadith/5502	
h5507	hadith	Sahih al-Bukhari 6406; Sahih Muslim 2694	Sahih al-Bukhari: HadeethEnc; Sahih Muslim: HadeethEnc	https://hadeethenc.com/en/browse/hadith/5507	
h5512	hadith	Sahih Muslim 2588	Sahih Muslim: HadeethEnc	https://hadeethenc.com/en/browse/hadith/5512	
h5516	hadith	Sahih al-Bukhari 6405; Sahih Muslim 2691	Sahih al-Bukhari: HadeethEnc; Sahih Muslim: HadeethEnc	https://hadeethenc.com/en/browse/hadith/5516	
h5518	hadith	Sahih al-Bukhari 71; Sahih Muslim 1037	Sahih al-Bukhari: HadeethEnc; Sahih Muslim: HadeethEnc	https://hadeethenc.com/en/browse/hadith/5518	
h5541	hadith	Sahih al-Bukhari 5742	Sahih al-Bukhari: matched	https://hadeethenc.com/en/browse/hadith/5541	
h5545	hadith	Sahih Muslim 2965	Sahih Muslim: HadeethEnc	https://hadeethenc.com/en/browse/hadith/5545	
h5658	hadith	Sahih al-Bukhari 5031; Sahih Muslim 789	Sahih al-Bukhari: HadeethEnc; Sahih Muslim: HadeethEnc	https://hadeethenc.com/en/browse/hadith/5658	
h5659	hadith	Sahih al-Bukhari 6247; also in Sahih Muslim	Sahih al-Bukhari: matched	https://hadeethenc.com/en/browse/hadith/5659	
h5732	hadith	Sahih Muslim 2253	Sahih Muslim: matched	https://hadeethenc.com/en/browse/hadith/5732	
h5733	hadith	Sahih al-Bukhari 2582	Sahih al-Bukhari: HadeethEnc	https://hadeethenc.com/en/browse/hadith/5733	
h5734	hadith	Sahih al-Bukhari 2663; Sahih Muslim 3001	Sahih al-Bukhari: matched; Sahih Muslim: matched	https://hadeethenc.com/en/browse/hadith/5734	
h5738	hadith	Sahih al-Bukhari 2990; Sahih Muslim 1869	Sahih al-Bukhari: matched; Sahih Muslim: matched	https://hadeethenc.com/en/browse/hadith/5738	
h5772	hadith	Sahih al-Bukhari 1825; Sahih Muslim 1193	Sahih al-Bukhari: matched; Sahih Muslim: matched	https://hadeethenc.com/en/browse/hadith/5772	
h5787	hadith	Sahih Muslim 2578	Sahih Muslim: HadeethEnc	https://hadeethenc.com/en/browse/hadith/5787	
h5789	hadith	Sahih al-Bukhari 212; Sahih Muslim 786	Sahih al-Bukhari: matched; Sahih Muslim: matched	https://hadeethenc.com/en/browse/hadith/5789	
h5796	hadith	Sahih Muslim 2594	Sahih Muslim: HadeethEnc	https://hadeethenc.com/en/browse/hadith/5796	
h5797	hadith	Sahih Muslim 2593	Sahih Muslim: HadeethEnc	https://hadeethenc.com/en/browse/hadith/5797	
h5798	hadith	Sahih Muslim 2734	Sahih Muslim: HadeethEnc	https://hadeethenc.com/en/browse/hadith/5798	
h5800	hadith	Sahih Muslim 17	Sahih Muslim: HadeethEnc	https://hadeethenc.com/en/browse/hadith/5800	
h5803	hadith	Sahih al-Bukhari 3559; Sahih Muslim 2321	Sahih al-Bukhari: HadeethEnc; Sahih Muslim: HadeethEnc	https://hadeethenc.com/en/browse/hadith/5803	
h5805	hadith	Sahih al-Bukhari 5352; Sahih Muslim 993	Sahih al-Bukhari: HadeethEnc; Sahih Muslim: HadeethEnc	https://hadeethenc.com/en/browse/hadith/5805	
h5807	hadith	Sahih Muslim 1056	Sahih Muslim: matched	https://hadeethenc.com/en/browse/hadith/5807	
h5808	hadith	Sahih al-Bukhari 12; Sahih Muslim 39	Sahih al-Bukhari: HadeethEnc; Sahih Muslim: HadeethEnc	https://hadeethenc.com/en/browse/hadith/5808	
h5811	hadith	Sahih al-Bukhari 4686; Sahih Muslim 2583	Sahih al-Bukhari: HadeethEnc; Sahih Muslim: HadeethEnc	https://hadeethenc.com/en/browse/hadith/5811	
h5813	hadith	Sahih Muslim 995	Sahih Muslim: HadeethEnc	https://hadeethenc.com/en/browse/hadith/5813	
h5814	hadith	Sahih Muslim 1054	Sahih Muslim: HadeethEnc	https://hadeethenc.com/en/browse/hadith/5814	
h5817	hadith	Sahih Muslim 866	Sahih Muslim: matched	https://hadeethenc.com/en/browse/hadith/5817	
h5824	hadith	Sahih Muslim 2582	Sahih Muslim: matched	https://hadeethenc.com/en/browse/hadith/5824	
h5830	hadith	Sahih al-Bukhari 5096; Sahih Muslim 2740	Sahih al-Bukhari: HadeethEnc; Sahih Muslim: HadeethEnc	https://hadeethenc.com/en/browse/hadith/5830	
h5832	hadith	Sahih Muslim 2933; also in Sahih al-Bukhari	Sahih Muslim: matched	https://hadeethenc.com/en/browse/hadith/5832	
h5843	hadith	Sahih al-Bukhari 2453; Sahih Muslim 1612	Sahih al-Bukhari: matched; Sahih Muslim: matched	https://hadeethenc.com/en/browse/hadith/5843	
h5844	hadith	Sahih al-Bukhari 780; Sahih Muslim 410	Sahih al-Bukhari: matched; Sahih Muslim: matched	https://hadeethenc.com/en/browse/hadith/5844	
h5862	hadith	Sahih al-Bukhari 1410; also in Sahih Muslim	Sahih al-Bukhari: matched	https://hadeethenc.com/en/browse/hadith/5862	
h5863	hadith	Sahih al-Bukhari 1905; Sahih Muslim 1400	Sahih al-Bukhari: HadeethEnc; Sahih Muslim: HadeethEnc	https://hadeethenc.com/en/browse/hadith/5863	
h5866	hadith	Sahih al-Bukhari 69; Sahih Muslim 1732	Sahih al-Bukhari: HadeethEnc; Sahih Muslim: HadeethEnc	https://hadeethenc.com/en/browse/hadith/5866	
h5882	hadith	Sahih Muslim 2715	Sahih Muslim: matched	https://hadeethenc.com/en/browse/hadith/5882	
h5907	hadith	Sahih Muslim 791; also in Sahih al-Bukhari	Sahih Muslim: HadeethEnc	https://hadeethenc.com/en/browse/hadith/5907	
h5910	hadith	Sahih Muslim 107	Sahih Muslim: matched	https://hadeethenc.com/en/browse/hadith/5910	
h5912	hadith	Sahih al-Bukhari 6266	Sahih al-Bukhari: matched	https://hadeethenc.com/en/browse/hadith/5912	
h5913	hadith	Sahih al-Bukhari 5027	Sahih al-Bukhari: HadeethEnc	https://hadeethenc.com/en/browse/hadith/5913	
h5915	hadith	Sahih Muslim 2725	Sahih Muslim: HadeethEnc	https://hadeethenc.com/en/browse/hadith/5915	
h5932	hadith	Sahih Muslim 2708	Sahih Muslim: HadeethEnc	https://hadeethenc.com/en/browse/hadith/5932	
h5934	hadith	Sahih Muslim 969	Sahih Muslim: HadeethEnc	https://hadeethenc.com/en/browse/hadith/5934	
h5936	hadith	Sahih al-Bukhari 2087; Sahih Muslim 1606	Sahih al-Bukhari: HadeethEnc; Sahih Muslim: HadeethEnc	https://hadeethenc.com/en/browse/hadith/5936	
h5937	hadith	Sahih Muslim 1343	Sahih Muslim: matched	https://hadeethenc.com/en/browse/hadith/5937	
h5942	hadith	Sahih Muslim 2606	Sahih Muslim: matched	https://hadeethenc.com/en/browse/hadith/5942	
h5953	hadith	Sahih al-Bukhari 15; Sahih Muslim 44	Sahih al-Bukhari: HadeethEnc; Sahih Muslim: HadeethEnc	https://hadeethenc.com/en/browse/hadith/5953	
h5961	hadith	Sahih Muslim 1926	Sahih Muslim: matched	https://hadeethenc.com/en/browse/hadith/5961	
h5968	hadith	Sahih Muslim 683	Sahih Muslim: matched	https://hadeethenc.com/en/browse/hadith/5968	
h5986	hadith	Sahih Muslim 2230	Sahih Muslim: HadeethEnc	https://hadeethenc.com/en/browse/hadith/5986	
h6009	hadith	Sahih al-Bukhari 3616	Sahih al-Bukhari: matched	https://hadeethenc.com/en/browse/hadith/6009	
h6010	hadith	Sahih al-Bukhari 5648; Sahih Muslim 2571	Sahih al-Bukhari: matched; Sahih Muslim: matched	https://hadeethenc.com/en/browse/hadith/6010	
h6015	hadith	Sahih Muslim 487	Sahih Muslim: matched	https://hadeethenc.com/en/browse/hadith/6015	
h6037	hadith	Sahih Muslim 1568	Sahih Muslim: matched	https://hadeethenc.com/en/browse/hadith/6037	
h6040	hadith	Sahih al-Bukhari 6616; also in Sahih Muslim	Sahih al-Bukhari: matched	https://hadeethenc.com/en/browse/hadith/6040	
h6097	hadith	Sahih al-Bukhari 690; Sahih Muslim 474	Sahih al-Bukhari: HadeethEnc; Sahih Muslim: HadeethEnc	https://hadeethenc.com/en/browse/hadith/6097	
h6103	hadith	Sahih al-Bukhari 5373	Sahih al-Bukhari: HadeethEnc	https://hadeethenc.com/en/browse/hadith/6103	
h6105	hadith	Sahih Muslim 1096	Sahih Muslim: matched	https://hadeethenc.com/en/browse/hadith/6105	
h6141	hadith	Sahih Muslim 1564; also in Sahih al-Bukhari	Sahih Muslim: matched	https://hadeethenc.com/en/browse/hadith/6141	
h6180	hadith	Sahih al-Bukhari 6203; Sahih Muslim 2310	Sahih al-Bukhari: HadeethEnc; Sahih Muslim: HadeethEnc	https://hadeethenc.com/en/browse/hadith/6180	
h6208	hadith	Sahih Muslim 780	Sahih Muslim: HadeethEnc	https://hadeethenc.com/en/browse/hadith/6208	
h6209	hadith	Sahih Muslim 91	Sahih Muslim: matched	https://hadeethenc.com/en/browse/hadith/6209	
h6211	hadith	Sahih Muslim 2695	Sahih Muslim: HadeethEnc	https://hadeethenc.com/en/browse/hadith/6211	
h6212	hadith	Sahih Muslim 793; also in Sahih al-Bukhari	Sahih Muslim: matched	https://hadeethenc.com/en/browse/hadith/6212	
h6215	hadith	Sahih Muslim 634	Sahih Muslim: HadeethEnc	https://hadeethenc.com/en/browse/hadith/6215	
h6217	hadith	Sahih Muslim 1134	Sahih Muslim: matched	https://hadeethenc.com/en/browse/hadith/6217	
h6218	hadith	Sahih al-Bukhari 7544; Sahih Muslim 792	Sahih al-Bukhari: matched; Sahih Muslim: matched	https://hadeethenc.com/en/browse/hadith/6218	
h6219	hadith	Sahih al-Bukhari 2262	Sahih al-Bukhari: matched	https://hadeethenc.com/en/browse/hadith/6219	
h6220	hadith	Sahih al-Bukhari 676	Sahih al-Bukhari: HadeethEnc	https://hadeethenc.com/en/browse/hadith/6220	
h6254	hadith	Sahih Muslim 228	Sahih Muslim: HadeethEnc	https://hadeethenc.com/en/browse/hadith/6254	
h6261	hadith	Sahih al-Bukhari 553	Sahih al-Bukhari: HadeethEnc	https://hadeethenc.com/en/browse/hadith/6261	
h6265	hadith	Sahih Muslim 809	Sahih Muslim: HadeethEnc	https://hadeethenc.com/en/browse/hadith/6265	
h6274	hadith	Sahih al-Bukhari 5008; Sahih Muslim 807	Sahih al-Bukhari: HadeethEnc; Sahih Muslim: HadeethEnc	https://hadeethenc.com/en/browse/hadith/6274	
h6329	hadith	Sahih al-Bukhari 7108; Sahih Muslim 2879	Sahih al-Bukhari: matched; Sahih Muslim: matched	https://hadeethenc.com/en/browse/hadith/6329	
h6361	hadith	Sahih Muslim 67	Sahih Muslim: HadeethEnc	https://hadeethenc.com/en/browse/hadith/6361	
h6368	hadith	Sahih Muslim 1836	Sahih Muslim: matched	https://hadeethenc.com/en/browse/hadith/6368	
h6370	hadith	Sahih Muslim 1839; also in Sahih al-Bukhari	Sahih Muslim: matched	https://hadeethenc.com/en/browse/hadith/6370	
h6379	hadith	Sahih al-Bukhari 4860; Sahih Muslim 1647	Sahih al-Bukhari: HadeethEnc; Sahih Muslim: HadeethEnc	https://hadeethenc.com/en/browse/hadith/6379	
h6382	hadith	Sahih al-Bukhari 7142	Sahih al-Bukhari: matched	https://hadeethenc.com/en/browse/hadith/6382	
h6383	hadith	Sahih al-Bukhari 2956; also in Sahih Muslim	Sahih al-Bukhari: matched	https://hadeethenc.com/en/browse/hadith/6383	
h6390	hadith	Sahih al-Bukhari 1244; Sahih Muslim 2471	Sahih al-Bukhari: matched; Sahih Muslim: matched	https://hadeethenc.com/en/browse/hadith/6390	
h6468	hadith	Sahih al-Bukhari 9; Sahih Muslim 35	Sahih al-Bukhari: HadeethEnc; Sahih Muslim: HadeethEnc	https://hadeethenc.com/en/browse/hadith/6468	
h6469	hadith	Sahih al-Bukhari 652; Sahih Muslim 1914	Sahih al-Bukhari: HadeethEnc; Sahih Muslim: HadeethEnc	https://hadeethenc.com/en/browse/hadith/6469	
h6761	hadith	Sahih al-Bukhari 3005; Sahih Muslim 2115	Sahih al-Bukhari: HadeethEnc; Sahih Muslim: HadeethEnc	https://hadeethenc.com/en/browse/hadith/6761	
h6765	hadith	Sahih Muslim 23	Sahih Muslim: HadeethEnc	https://hadeethenc.com/en/browse/hadith/6765	
h6829	hadith	Sahih al-Bukhari 7088	Sahih al-Bukhari: matched	https://hadeethenc.com/en/browse/hadith/6829	
h6983	hadith	Sahih al-Bukhari 5219; Sahih Muslim 2129	Sahih al-Bukhari: matched; Sahih Muslim: matched	https://hadeethenc.com/en/browse/hadith/6983	
h6984	hadith	Sahih Muslim 2597	Sahih Muslim: matched	https://hadeethenc.com/en/browse/hadith/6984	
h7187	hadith	Sahih al-Bukhari 1673; also in Sahih Muslim	Sahih al-Bukhari: matched	https://hadeethenc.com/en/browse/hadith/7187	
h7201	hadith	Sahih al-Bukhari 359; Sahih Muslim 516	Sahih al-Bukhari: matched; Sahih Muslim: matched	https://hadeethenc.com/en/browse/hadith/7201	
h8264	hadith	Sahih Muslim 2996	Sahih Muslim: matched	https://hadeethenc.com/en/browse/hadith/8264	
h8268	hadith	Sahih Muslim 2839	Sahih Muslim: matched	https://hadeethenc.com/en/browse/hadith/8268	
h8288	hadith	Sahih Muslim 1348	Sahih Muslim: matched	https://hadeethenc.com/en/browse/hadith/8288	
h8293	hadith	Sahih Muslim 2675	Sahih Muslim: matched	https://hadeethenc.com/en/browse/hadith/8293	
h8299	hadith	Sahih al-Bukhari 6099; also in Sahih Muslim	Sahih al-Bukhari: matched	https://hadeethenc.com/en/browse/hadith/8299	
h8312	hadith	Sahih al-Bukhari 6661; Sahih Muslim 2848	Sahih al-Bukhari: matched; Sahih Muslim: matched	https://hadeethenc.com/en/browse/hadith/8312	
h8316	hadith	Sahih al-Bukhari 4878; Sahih Muslim 180	Sahih al-Bukhari: matched; Sahih Muslim: matched	https://hadeethenc.com/en/browse/hadith/8316	
h8342	hadith	Sahih Muslim 182	Sahih Muslim: HadeethEnc	https://hadeethenc.com/en/browse/hadith/8342	
h8349	hadith	Sahih Muslim 2838; also in Sahih al-Bukhari	Sahih Muslim: matched	https://hadeethenc.com/en/browse/hadith/8349	
h8350	hadith	Sahih al-Bukhari 6553; Sahih Muslim 2828	Sahih al-Bukhari: HadeethEnc; Sahih Muslim: HadeethEnc	https://hadeethenc.com/en/browse/hadith/8350	
h8352	hadith	Sahih al-Bukhari 2793	Sahih al-Bukhari: matched	https://hadeethenc.com/en/browse/hadith/8352	
h8354	hadith	Sahih al-Bukhari 6555; also in Sahih Muslim	Sahih al-Bukhari: matched	https://hadeethenc.com/en/browse/hadith/8354	
h8402	hadith	Sahih Muslim 373	Sahih Muslim: HadeethEnc	https://hadeethenc.com/en/browse/hadith/8402	
h8407	hadith	Sahih al-Bukhari 4265	Sahih al-Bukhari: matched	https://hadeethenc.com/en/browse/hadith/8407	
h8408	hadith	Sahih al-Bukhari 3261; Sahih Muslim 2209	Sahih al-Bukhari: matched; Sahih Muslim: matched	https://hadeethenc.com/en/browse/hadith/8408	
h8412	hadith	Sahih al-Bukhari 3359; also in Sahih Muslim	Sahih al-Bukhari: matched	https://hadeethenc.com/en/browse/hadith/8412	
h8873	hadith	Sahih al-Bukhari 6656; Sahih Muslim 2632	Sahih al-Bukhari: matched; Sahih Muslim: matched	https://hadeethenc.com/en/browse/hadith/8873	
h8875	hadith	Sahih al-Bukhari 1381	Sahih al-Bukhari: matched	https://hadeethenc.com/en/browse/hadith/8875	
h8877	hadith	Sahih Muslim 2623	Sahih Muslim: matched	https://hadeethenc.com/en/browse/hadith/8877	
h8883	hadith	Sahih al-Bukhari 6045; Sahih Muslim 61	Sahih al-Bukhari: HadeethEnc; Sahih Muslim: HadeethEnc	https://hadeethenc.com/en/browse/hadith/8883	
h8886	hadith	Sahih Muslim 2812	Sahih Muslim: HadeethEnc	https://hadeethenc.com/en/browse/hadith/8886	
h8890	hadith	Sahih al-Bukhari 2140; Sahih Muslim 1103	Sahih al-Bukhari: matched; Sahih Muslim: matched	https://hadeethenc.com/en/browse/hadith/8890	
h8893	hadith	Sahih Muslim 2117	Sahih Muslim: matched	https://hadeethenc.com/en/browse/hadith/8893	
h8895	hadith	Sahih Muslim 1657	Sahih Muslim: matched	https://hadeethenc.com/en/browse/hadith/8895	
h8900	hadith	Sahih Muslim 2642	Sahih Muslim: matched	https://hadeethenc.com/en/browse/hadith/8900	
h8902	hadith	Sahih Muslim 2159	Sahih Muslim: HadeethEnc	https://hadeethenc.com/en/browse/hadith/8902	
h8904	hadith	Sahih Muslim 338	Sahih Muslim: HadeethEnc	https://hadeethenc.com/en/browse/hadith/8904	
h8908	hadith	Sahih al-Bukhari 3462; Sahih Muslim 2103	Sahih al-Bukhari: matched; Sahih Muslim: matched	https://hadeethenc.com/en/browse/hadith/8908	
h8914	hadith	Sahih al-Bukhari 5921; Sahih Muslim 2120	Sahih al-Bukhari: HadeethEnc; Sahih Muslim: HadeethEnc	https://hadeethenc.com/en/browse/hadith/8914	
h8927	hadith	Sahih al-Bukhari 4267	Sahih al-Bukhari: matched	https://hadeethenc.com/en/browse/hadith/8927	
h8930	hadith	Sahih al-Bukhari 6293; Sahih Muslim 2015	Sahih al-Bukhari: matched; Sahih Muslim: matched	https://hadeethenc.com/en/browse/hadith/8930	
h8945	hadith	Sahih al-Bukhari 7293	Sahih al-Bukhari: HadeethEnc	https://hadeethenc.com/en/browse/hadith/8945	
h8946	hadith	Sahih Muslim 2114	Sahih Muslim: matched	https://hadeethenc.com/en/browse/hadith/8946	
h8947	hadith	Sahih al-Bukhari 5951; Sahih Muslim 2108	Sahih al-Bukhari: matched; Sahih Muslim: matched	https://hadeethenc.com/en/browse/hadith/8947	
h8949	hadith	Sahih Muslim 569	Sahih Muslim: matched	https://hadeethenc.com/en/browse/hadith/8949	
h8950	hadith	Sahih al-Bukhari 3322; Sahih Muslim 2106	Sahih al-Bukhari: HadeethEnc; Sahih Muslim: HadeethEnc	https://hadeethenc.com/en/browse/hadith/8950	
h8951	hadith	Sahih Muslim 2113	Sahih Muslim: HadeethEnc	https://hadeethenc.com/en/browse/hadith/8951	
h8954	hadith	Sahih Muslim 1977	Sahih Muslim: HadeethEnc	https://hadeethenc.com/en/browse/hadith/8954	
h8956	hadith	Sahih Muslim 899	Sahih Muslim: matched	https://hadeethenc.com/en/browse/hadith/8956	
h8959	hadith	Sahih Muslim 2	Sahih Muslim: HadeethEnc	https://hadeethenc.com/en/browse/hadith/8959	
h10036	hadith	Sahih al-Bukhari 880; Sahih Muslim 846	Sahih al-Bukhari: HadeethEnc; Sahih Muslim: HadeethEnc	https://hadeethenc.com/en/browse/hadith/10036	
h10101	hadith	Sahih al-Bukhari 10; Sahih Muslim 40	Sahih al-Bukhari: HadeethEnc; Sahih Muslim: HadeethEnc	https://hadeethenc.com/en/browse/hadith/10101	
h10107	hadith	Sahih al-Bukhari 1899; Sahih Muslim 1079	Sahih al-Bukhari: HadeethEnc; Sahih Muslim: HadeethEnc	https://hadeethenc.com/en/browse/hadith/10107	
h10111	hadith	Sahih Muslim 1160	Sahih Muslim: matched	https://hadeethenc.com/en/browse/hadith/10111	
h10113	hadith	Sahih al-Bukhari 4937; Sahih Muslim 798	Sahih al-Bukhari: HadeethEnc; Sahih Muslim: HadeethEnc	https://hadeethenc.com/en/browse/hadith/10113	
h10114	hadith	Sahih Muslim 814	Sahih Muslim: matched	https://hadeethenc.com/en/browse/hadith/10114	
h10115	hadith	Sahih Muslim 387	Sahih Muslim: HadeethEnc	https://hadeethenc.com/en/browse/hadith/10115	
h10119	hadith	Sahih Muslim 817	Sahih Muslim: matched	https://hadeethenc.com/en/browse/hadith/10119	
h10120	hadith	Sahih al-Bukhari 5576; Sahih Muslim 168	Sahih al-Bukhari: matched; Sahih Muslim: matched	https://hadeethenc.com/en/browse/hadith/10120	
h10121	hadith	Sahih al-Bukhari 1321; Sahih Muslim 1130	Sahih al-Bukhari: matched; Sahih Muslim: matched	https://hadeethenc.com/en/browse/hadith/10121	
h10412	hadith	Sahih al-Bukhari 1145; Sahih Muslim 758	Sahih al-Bukhari: HadeethEnc; Sahih Muslim: HadeethEnc	https://hadeethenc.com/en/browse/hadith/10412	
h10416	hadith	Sahih al-Bukhari 6410; also in Sahih Muslim	Sahih al-Bukhari: matched	https://hadeethenc.com/en/browse/hadith/10416	
h10554	hadith	Sahih al-Bukhari 3995	Sahih al-Bukhari: matched	https://hadeethenc.com/en/browse/hadith/10554	
h10557	hadith	Sahih al-Bukhari 4118	Sahih al-Bukhari: matched	https://hadeethenc.com/en/browse/hadith/10557	
h10560	hadith	Sahih al-Bukhari 1880; Sahih Muslim 1379	Sahih al-Bukhari: matched; Sahih Muslim: matched	https://hadeethenc.com/en/browse/hadith/10560	
h10562	hadith	Sahih al-Bukhari 3272; also in Sahih Muslim	Sahih al-Bukhari: matched	https://hadeethenc.com/en/browse/hadith/10562	
h10599	hadith	Sahih al-Bukhari 559; also in Sahih Muslim	Sahih al-Bukhari: matched	https://hadeethenc.com/en/browse/hadith/10599	
h10602	hadith	Sahih al-Bukhari 579; Sahih Muslim 608	Sahih al-Bukhari: matched; Sahih Muslim: matched	https://hadeethenc.com/en/browse/hadith/10602	
h10604	hadith	Sahih Muslim 831	Sahih Muslim: HadeethEnc	https://hadeethenc.com/en/browse/hadith/10604	
h10623	hadith	Sahih Muslim 1288	Sahih Muslim: matched	https://hadeethenc.com/en/browse/hadith/10623	
h10639	hadith	Sahih al-Bukhari 359; Sahih Muslim 516	Sahih al-Bukhari: HadeethEnc; Sahih Muslim: HadeethEnc	https://hadeethenc.com/en/browse/hadith/10639	
h10643	hadith	Sahih al-Bukhari 400	Sahih al-Bukhari: matched	https://hadeethenc.com/en/browse/hadith/10643	
h10647	hadith	Sahih Muslim 972	Sahih Muslim: HadeethEnc	https://hadeethenc.com/en/browse/hadith/10647	
h10652	hadith	Sahih al-Bukhari 1203; Sahih Muslim 422	Sahih al-Bukhari: matched; Sahih Muslim: matched	https://hadeethenc.com/en/browse/hadith/10652	
h10656	hadith	Sahih Muslim 543; also in Sahih al-Bukhari	Sahih Muslim: matched	https://hadeethenc.com/en/browse/hadith/10656	
h10837	hadith	Sahih al-Bukhari 4464	Sahih al-Bukhari: matched	https://hadeethenc.com/en/browse/hadith/10837	
h10841	hadith	Sahih Muslim 2334	Sahih Muslim: matched	https://hadeethenc.com/en/browse/hadith/10841	
h10842	hadith	Sahih Muslim 2333	Sahih Muslim: matched	https://hadeethenc.com/en/browse/hadith/10842	
h10850	hadith	Sahih al-Bukhari 5032; also in Sahih Muslim	Sahih al-Bukhari: matched	https://hadeethenc.com/en/browse/hadith/10850	
h10852	hadith	Sahih al-Bukhari 5060; also in Sahih Muslim	Sahih al-Bukhari: matched	https://hadeethenc.com/en/browse/hadith/10852	
h10860	hadith	Sahih al-Bukhari 3532; Sahih Muslim 2354	Sahih al-Bukhari: matched; Sahih Muslim: matched	https://hadeethenc.com/en/browse/hadith/10860	
h10868	hadith	Sahih Muslim 499	Sahih Muslim: matched	https://hadeethenc.com/en/browse/hadith/10868	
h10874	hadith	Sahih al-Bukhari 911; Sahih Muslim 545	Sahih al-Bukhari: matched; Sahih Muslim: matched	https://hadeethenc.com/en/browse/hadith/10874	
h10875	hadith	Sahih al-Bukhari 3458	Sahih al-Bukhari: matched	https://hadeethenc.com/en/browse/hadith/10875	
h10876	hadith	Sahih al-Bukhari 672; Sahih Muslim 557	Sahih al-Bukhari: matched; Sahih Muslim: matched	https://hadeethenc.com/en/browse/hadith/10876	
h10878	hadith	Sahih al-Bukhari 751	Sahih al-Bukhari: matched	https://hadeethenc.com/en/browse/hadith/10878	
h10881	hadith	Sahih al-Bukhari 374	Sahih al-Bukhari: matched	https://hadeethenc.com/en/browse/hadith/10881	
h10883	hadith	Sahih al-Bukhari 750	Sahih al-Bukhari: HadeethEnc	https://hadeethenc.com/en/browse/hadith/10883	
h10890	hadith	Sahih Muslim 568	Sahih Muslim: matched	https://hadeethenc.com/en/browse/hadith/10890	
h10896	hadith	Sahih al-Bukhari 415	Sahih al-Bukhari: matched	https://hadeethenc.com/en/browse/hadith/10896	
h10908	hadith	Sahih Muslim 391	Sahih Muslim: matched	https://hadeethenc.com/en/browse/hadith/10908	
h10925	hadith	Sahih al-Bukhari 812; Sahih Muslim 490	Sahih al-Bukhari: HadeethEnc; Sahih Muslim: HadeethEnc	https://hadeethenc.com/en/browse/hadith/10925	
h10927	hadith	Sahih Muslim 494	Sahih Muslim: HadeethEnc	https://hadeethenc.com/en/browse/hadith/10927	
h10931	hadith	Sahih al-Bukhari 823	Sahih al-Bukhari: matched	https://hadeethenc.com/en/browse/hadith/10931	
h10941	hadith	Sahih Muslim 579	Sahih Muslim: matched	https://hadeethenc.com/en/browse/hadith/10941	
h10951	hadith	Sahih al-Bukhari 1117	Sahih al-Bukhari: HadeethEnc	https://hadeethenc.com/en/browse/hadith/10951	
h10968	hadith	Sahih Muslim 2326	Sahih Muslim: matched	https://hadeethenc.com/en/browse/hadith/10968	
h10971	hadith	Sahih al-Bukhari 5664	Sahih al-Bukhari: matched	https://hadeethenc.com/en/browse/hadith/10971	
h10975	hadith	Sahih al-Bukhari 3902; also in Sahih Muslim	Sahih al-Bukhari: matched	https://hadeethenc.com/en/browse/hadith/10975	
h10986	hadith	Sahih al-Bukhari 2776; Sahih Muslim 1760	Sahih al-Bukhari: matched; Sahih Muslim: matched	https://hadeethenc.com/en/browse/hadith/10986	
h10987	hadith	Sahih Muslim 1635	Sahih Muslim: matched	https://hadeethenc.com/en/browse/hadith/10987	
h10993	hadith	Sahih al-Bukhari 3444; Sahih Muslim 2368	Sahih al-Bukhari: matched; Sahih Muslim: matched	https://hadeethenc.com/en/browse/hadith/10993	
h10995	hadith	Sahih al-Bukhari 3402	Sahih al-Bukhari: matched	https://hadeethenc.com/en/browse/hadith/10995	
h10996	hadith	Sahih al-Bukhari 3390	Sahih al-Bukhari: matched	https://hadeethenc.com/en/browse/hadith/10996	
h10997	hadith	Sahih al-Bukhari 3395; Sahih Muslim 2377	Sahih al-Bukhari: matched; Sahih Muslim: matched	https://hadeethenc.com/en/browse/hadith/10997	
h11000	hadith	Sahih al-Bukhari 3673; Sahih Muslim 2540	Sahih al-Bukhari: HadeethEnc; Sahih Muslim: HadeethEnc	https://hadeethenc.com/en/browse/hadith/11000	
h11168	hadith	Sahih al-Bukhari 3714; also in Sahih Muslim	Sahih al-Bukhari: matched	https://hadeethenc.com/en/browse/hadith/11168	
h11172	hadith	Sahih al-Bukhari 3629	Sahih al-Bukhari: matched	https://hadeethenc.com/en/browse/hadith/11172	
h11176	hadith	Sahih Muslim 2436	Sahih Muslim: matched	https://hadeethenc.com/en/browse/hadith/11176	
h11178	hadith	Sahih al-Bukhari 3768; also in Sahih Muslim	Sahih al-Bukhari: matched	https://hadeethenc.com/en/browse/hadith/11178	
h11179	hadith	Sahih al-Bukhari 3411; Sahih Muslim 2431	Sahih al-Bukhari: matched; Sahih Muslim: matched	https://hadeethenc.com/en/browse/hadith/11179	
h11189	hadith	Sahih al-Bukhari 1382	Sahih al-Bukhari: matched	https://hadeethenc.com/en/browse/hadith/11189	
h11190	hadith	Sahih al-Bukhari 3744; Sahih Muslim 2419	Sahih al-Bukhari: matched; Sahih Muslim: matched	https://hadeethenc.com/en/browse/hadith/11190	
h11195	hadith	Sahih al-Bukhari 2905; Sahih Muslim 2411	Sahih al-Bukhari: matched; Sahih Muslim: matched	https://hadeethenc.com/en/browse/hadith/11195	
h11209	hadith	Sahih al-Bukhari 1375; Sahih Muslim 2869	Sahih al-Bukhari: matched; Sahih Muslim: matched	https://hadeethenc.com/en/browse/hadith/11209	
h11213	hadith	Sahih al-Bukhari 7060; also in Sahih Muslim	Sahih al-Bukhari: matched	https://hadeethenc.com/en/browse/hadith/11213	
h11215	hadith	Sahih al-Bukhari 6503; Sahih Muslim 2950	Sahih al-Bukhari: matched; Sahih Muslim: matched	https://hadeethenc.com/en/browse/hadith/11215	
h11216	hadith	Sahih al-Bukhari 7118; Sahih Muslim 2902	Sahih al-Bukhari: matched; Sahih Muslim: matched	https://hadeethenc.com/en/browse/hadith/11216	
h11222	hadith	Sahih al-Bukhari 2928; also in Sahih Muslim	Sahih al-Bukhari: matched	https://hadeethenc.com/en/browse/hadith/11222	
h11223	hadith	Sahih al-Bukhari 3590; also in Sahih Muslim	Sahih al-Bukhari: matched	https://hadeethenc.com/en/browse/hadith/11223	
h11227	hadith	Sahih Muslim 2908	Sahih Muslim: matched	https://hadeethenc.com/en/browse/hadith/11227	
h11237	hadith	Sahih al-Bukhari 766; Sahih Muslim 578	Sahih al-Bukhari: matched; Sahih Muslim: matched	https://hadeethenc.com/en/browse/hadith/11237	
h11238	hadith	Sahih al-Bukhari 1069	Sahih al-Bukhari: matched	https://hadeethenc.com/en/browse/hadith/11238	
h11240	hadith	Sahih al-Bukhari 1073	Sahih al-Bukhari: matched	https://hadeethenc.com/en/browse/hadith/11240	
h11248	hadith	Sahih al-Bukhari 1172	Sahih al-Bukhari: matched	https://hadeethenc.com/en/browse/hadith/11248	
h11249	hadith	Sahih al-Bukhari 1182	Sahih al-Bukhari: HadeethEnc	https://hadeethenc.com/en/browse/hadith/11249	
h11256	hadith	Sahih Muslim 726	Sahih Muslim: HadeethEnc	https://hadeethenc.com/en/browse/hadith/11256	
h11257	hadith	Sahih al-Bukhari 626; also in Sahih Muslim	Sahih al-Bukhari: matched	https://hadeethenc.com/en/browse/hadith/11257	
h11261	hadith	Sahih Muslim 1163	Sahih Muslim: matched	https://hadeethenc.com/en/browse/hadith/11261	
h11269	hadith	Sahih al-Bukhari 1140; also in Sahih Muslim	Sahih al-Bukhari: matched	https://hadeethenc.com/en/browse/hadith/11269	
h11270	hadith	Sahih al-Bukhari 1152; Sahih Muslim 1159	Sahih al-Bukhari: matched; Sahih Muslim: matched	https://hadeethenc.com/en/browse/hadith/11270	
h11275	hadith	Sahih Muslim 754	Sahih Muslim: matched	https://hadeethenc.com/en/browse/hadith/11275	
h11280	hadith	Sahih Muslim 719	Sahih Muslim: matched	https://hadeethenc.com/en/browse/hadith/11280	
h11281	hadith	Sahih Muslim 717	Sahih Muslim: matched	https://hadeethenc.com/en/browse/hadith/11281	
h11282	hadith	Sahih al-Bukhari 1128; Sahih Muslim 718	Sahih al-Bukhari: matched; Sahih Muslim: matched	https://hadeethenc.com/en/browse/hadith/11282	
h11283	hadith	Sahih Muslim 748	Sahih Muslim: matched	https://hadeethenc.com/en/browse/hadith/11283	
h11291	hadith	Sahih Muslim 438	Sahih Muslim: matched	https://hadeethenc.com/en/browse/hadith/11291	
h11299	hadith	Sahih Muslim 440	Sahih Muslim: HadeethEnc	https://hadeethenc.com/en/browse/hadith/11299	
h58074	hadith	Sahih Muslim 1411	Sahih Muslim: matched	https://hadeethenc.com/en/browse/hadith/58074	
h58102	hadith	Sahih al-Bukhari 5068; Sahih Muslim 309	Sahih al-Bukhari: matched; Sahih Muslim: matched	https://hadeethenc.com/en/browse/hadith/58102	
h58112	hadith	Sahih al-Bukhari 5173; Sahih Muslim 1429	Sahih al-Bukhari: matched; Sahih Muslim: matched	https://hadeethenc.com/en/browse/hadith/58112	
h58114	hadith	Sahih Muslim 1431	Sahih Muslim: matched	https://hadeethenc.com/en/browse/hadith/58114	
h58116	hadith	Sahih al-Bukhari 5172	Sahih al-Bukhari: matched	https://hadeethenc.com/en/browse/hadith/58116	
h58119	hadith	Sahih al-Bukhari 5399	Sahih al-Bukhari: matched	https://hadeethenc.com/en/browse/hadith/58119	
h58122	hadith	Sahih Muslim 2020	Sahih Muslim: HadeethEnc	https://hadeethenc.com/en/browse/hadith/58122	
h58127	hadith	Sahih Muslim 1460	Sahih Muslim: matched	https://hadeethenc.com/en/browse/hadith/58127	
h58145	hadith	Sahih al-Bukhari 5266	Sahih al-Bukhari: matched	https://hadeethenc.com/en/browse/hadith/58145	
h58192	hadith	Sahih al-Bukhari 2557; also in Sahih Muslim	Sahih al-Bukhari: matched	https://hadeethenc.com/en/browse/hadith/58192	
h58193	hadith	Sahih al-Bukhari 3482; Sahih Muslim 2242	Sahih al-Bukhari: matched; Sahih Muslim: matched	https://hadeethenc.com/en/browse/hadith/58193	
h58223	hadith	Sahih Muslim 1852	Sahih Muslim: HadeethEnc	https://hadeethenc.com/en/browse/hadith/58223	
h58238	hadith	Sahih al-Bukhari 5886	Sahih al-Bukhari: matched	https://hadeethenc.com/en/browse/hadith/58238	
h58245	hadith	Sahih al-Bukhari 6783; Sahih Muslim 1687	Sahih al-Bukhari: matched; Sahih Muslim: matched	https://hadeethenc.com/en/browse/hadith/58245	
h58261	hadith	Sahih Muslim 2004	Sahih Muslim: matched	https://hadeethenc.com/en/browse/hadith/58261	
h58263	hadith	Sahih Muslim 1984	Sahih Muslim: matched	https://hadeethenc.com/en/browse/hadith/58263	
h64625	hadith	Sahih Muslim 1767	Sahih Muslim: matched	https://hadeethenc.com/en/browse/hadith/64625	
h64642	hadith	Sahih Muslim 1917	Sahih Muslim: matched	https://hadeethenc.com/en/browse/hadith/64642	
h64656	hadith	Sahih Muslim 1959	Sahih Muslim: matched	https://hadeethenc.com/en/browse/hadith/64656	
h64665	hadith	Sahih Muslim 1318	Sahih Muslim: matched	https://hadeethenc.com/en/browse/hadith/64665	
h64673	hadith	Sahih al-Bukhari 2736; Sahih Muslim 2677	Sahih al-Bukhari: matched; Sahih Muslim: matched	https://hadeethenc.com/en/browse/hadith/64673	
h64681	hadith	Sahih al-Bukhari 7148	Sahih al-Bukhari: matched	https://hadeethenc.com/en/browse/hadith/64681	
h64687	hadith	Sahih al-Bukhari 4425	Sahih al-Bukhari: HadeethEnc	https://hadeethenc.com/en/browse/hadith/64687	
h65000	hadith	Sahih al-Bukhari 8; Sahih Muslim 16	Sahih al-Bukhari: HadeethEnc; Sahih Muslim: HadeethEnc	https://hadeethenc.com/en/browse/hadith/65000	
h65001	hadith	Sahih Muslim 1	Sahih Muslim: HadeethEnc	https://hadeethenc.com/en/browse/hadith/65001	
h65002	hadith	Sahih al-Bukhari 6921; Sahih Muslim 120	Sahih al-Bukhari: HadeethEnc; Sahih Muslim: HadeethEnc	https://hadeethenc.com/en/browse/hadith/65002	
h65008	hadith	Sahih Muslim 93	Sahih Muslim: HadeethEnc	https://hadeethenc.com/en/browse/hadith/65008	
h65009	hadith	Sahih Muslim 214	Sahih Muslim: HadeethEnc	https://hadeethenc.com/en/browse/hadith/65009	
h65011	hadith	Sahih Muslim 132	Sahih Muslim: HadeethEnc	https://hadeethenc.com/en/browse/hadith/65011	
h65013	hadith	Sahih al-Bukhari 3276; Sahih Muslim 134	Sahih al-Bukhari: HadeethEnc; Sahih Muslim: HadeethEnc	https://hadeethenc.com/en/browse/hadith/65013	
h65016	hadith	Sahih al-Bukhari 1436; Sahih Muslim 123	Sahih al-Bukhari: HadeethEnc; Sahih Muslim: HadeethEnc	https://hadeethenc.com/en/browse/hadith/65016	
h65019	hadith	Sahih Muslim 2784	Sahih Muslim: HadeethEnc	https://hadeethenc.com/en/browse/hadith/65019	
h65022	hadith	Sahih al-Bukhari 7115; Sahih Muslim 157	Sahih al-Bukhari: HadeethEnc; Sahih Muslim: HadeethEnc	https://hadeethenc.com/en/browse/hadith/65022	
h65023	hadith	Sahih al-Bukhari 2926; Sahih Muslim 2921	Sahih al-Bukhari: HadeethEnc; Sahih Muslim: HadeethEnc	https://hadeethenc.com/en/browse/hadith/65023	
h65028	hadith	Sahih al-Bukhari 4812; Sahih Muslim 2787	Sahih al-Bukhari: HadeethEnc; Sahih Muslim: HadeethEnc	https://hadeethenc.com/en/browse/hadith/65028	
h65030	hadith	Sahih al-Bukhari 6579; Sahih Muslim 2292	Sahih al-Bukhari: HadeethEnc; Sahih Muslim: HadeethEnc	https://hadeethenc.com/en/browse/hadith/65030	
h65036	hadith	Sahih al-Bukhari 3265; Sahih Muslim 2843	Sahih al-Bukhari: HadeethEnc; Sahih Muslim: HadeethEnc	https://hadeethenc.com/en/browse/hadith/65036	
h65038	hadith	Sahih Muslim 2653	Sahih Muslim: HadeethEnc	https://hadeethenc.com/en/browse/hadith/65038	
h65039	hadith	Sahih Muslim 2655	Sahih Muslim: HadeethEnc	https://hadeethenc.com/en/browse/hadith/65039	
h65043	hadith	Sahih al-Bukhari 110; Sahih Muslim 3	Sahih al-Bukhari: HadeethEnc; Sahih Muslim: HadeethEnc	https://hadeethenc.com/en/browse/hadith/65043	
h65046	hadith	Sahih al-Bukhari 4485	Sahih al-Bukhari: HadeethEnc	https://hadeethenc.com/en/browse/hadith/65046	
h65050	hadith	Sahih al-Bukhari 3851; Sahih Muslim 2351	Sahih al-Bukhari: HadeethEnc; Sahih Muslim: HadeethEnc	https://hadeethenc.com/en/browse/hadith/65050	
h65053	hadith	Sahih Muslim 802	Sahih Muslim: HadeethEnc	https://hadeethenc.com/en/browse/hadith/65053	
h65076	hadith	Sahih Muslim 6	Sahih Muslim: HadeethEnc	https://hadeethenc.com/en/browse/hadith/65076	
h65088	hadith	Sahih al-Bukhari 597; Sahih Muslim 684	Sahih al-Bukhari: HadeethEnc; Sahih Muslim: HadeethEnc	https://hadeethenc.com/en/browse/hadith/65088	
h65090	hadith	Sahih al-Bukhari 1190; Sahih Muslim 1394	Sahih al-Bukhari: HadeethEnc; Sahih Muslim: HadeethEnc	https://hadeethenc.com/en/browse/hadith/65090	
h65091	hadith	Sahih al-Bukhari 444; Sahih Muslim 714	Sahih al-Bukhari: HadeethEnc; Sahih Muslim: HadeethEnc	https://hadeethenc.com/en/browse/hadith/65091	
h65092	hadith	Sahih Muslim 713	Sahih Muslim: HadeethEnc	https://hadeethenc.com/en/browse/hadith/65092	
h65093	hadith	Sahih Muslim 82	Sahih Muslim: HadeethEnc	https://hadeethenc.com/en/browse/hadith/65093	
h65116	hadith	Sahih Muslim 34	Sahih Muslim: HadeethEnc	https://hadeethenc.com/en/browse/hadith/65116	
h65231	hadith	Sahih al-Bukhari 4981; Sahih Muslim 152	Sahih al-Bukhari: HadeethEnc; Sahih Muslim: HadeethEnc	https://hadeethenc.com/en/browse/hadith/65231	
h65245	hadith	Sahih al-Bukhari 5046	Sahih al-Bukhari: HadeethEnc	https://hadeethenc.com/en/browse/hadith/65245	
h65303	hadith	Sahih al-Bukhari 4627	Sahih al-Bukhari: HadeethEnc	https://hadeethenc.com/en/browse/hadith/65303	
h65426	hadith	Sahih al-Bukhari 391	Sahih al-Bukhari: HadeethEnc	https://hadeethenc.com/en/browse/hadith/65426	
h65448	hadith	Sahih Muslim 814	Sahih Muslim: HadeethEnc	https://hadeethenc.com/en/browse/hadith/65448	
h65463	hadith	Sahih Muslim 582	Sahih Muslim: HadeethEnc	https://hadeethenc.com/en/browse/hadith/65463	
h65479	hadith	Sahih al-Bukhari 627; Sahih Muslim 838	Sahih al-Bukhari: HadeethEnc; Sahih Muslim: HadeethEnc	https://hadeethenc.com/en/browse/hadith/65479	
h65566	hadith	Sahih Muslim 1631	Sahih Muslim: HadeethEnc	https://hadeethenc.com/en/browse/hadith/65566	
h65739	hadith	Sahih Muslim 710	Sahih Muslim: HadeethEnc	https://hadeethenc.com/en/browse/hadith/65739	
h65767	hadith	Sahih Muslim 865	Sahih Muslim: HadeethEnc	https://hadeethenc.com/en/browse/hadith/65767	
h65789	hadith	Sahih Muslim 1774	Sahih Muslim: HadeethEnc	https://hadeethenc.com/en/browse/hadith/65789	
h65812	hadith	Sahih al-Bukhari 6361; Sahih Muslim 2601	Sahih al-Bukhari: HadeethEnc; Sahih Muslim: HadeethEnc	https://hadeethenc.com/en/browse/hadith/65812	
h65815	hadith	Sahih al-Bukhari 6455; Sahih Muslim 2971	Sahih al-Bukhari: HadeethEnc; Sahih Muslim: HadeethEnc	https://hadeethenc.com/en/browse/hadith/65815	
h65816	hadith	Sahih al-Bukhari 5416; Sahih Muslim 2970	Sahih al-Bukhari: HadeethEnc; Sahih Muslim: HadeethEnc	https://hadeethenc.com/en/browse/hadith/65816	
h65820	hadith	Sahih al-Bukhari 6456; Sahih Muslim 2082	Sahih al-Bukhari: HadeethEnc; Sahih Muslim: HadeethEnc	https://hadeethenc.com/en/browse/hadith/65820	
h65879	hadith	Sahih al-Bukhari 7311; Sahih Muslim 1921	Sahih al-Bukhari: HadeethEnc; Sahih Muslim: HadeethEnc	https://hadeethenc.com/en/browse/hadith/65879	
h66219	hadith	Sahih Muslim 145	Sahih Muslim: HadeethEnc	https://hadeethenc.com/en/browse/hadith/66219	
h66221	hadith	Sahih al-Bukhari 6420	Sahih al-Bukhari: HadeethEnc	https://hadeethenc.com/en/browse/hadith/66221	
h66271	hadith	Sahih al-Bukhari 6104; Sahih Muslim 60	Sahih al-Bukhari: HadeethEnc; Sahih Muslim: HadeethEnc	https://hadeethenc.com/en/browse/hadith/66271	
h66272	hadith	Sahih Muslim 2599	Sahih Muslim: HadeethEnc	https://hadeethenc.com/en/browse/hadith/66272	
h66284	hadith	Sahih al-Bukhari 4826; Sahih Muslim 2246	Sahih al-Bukhari: HadeethEnc; Sahih Muslim: HadeethEnc	https://hadeethenc.com/en/browse/hadith/66284	
h66512	hadith	Sahih al-Bukhari 8; Sahih Muslim 16	Sahih al-Bukhari: HadeethEnc; Sahih Muslim: HadeethEnc	https://hadeethenc.com/en/browse/hadith/66512	
h66514	hadith	Sahih al-Bukhari 2697; Sahih Muslim 1718	Sahih al-Bukhari: HadeethEnc; Sahih Muslim: HadeethEnc	https://hadeethenc.com/en/browse/hadith/66514	
h66516	hadith	Sahih Muslim 55	Sahih Muslim: HadeethEnc	https://hadeethenc.com/en/browse/hadith/66516	
h66517	hadith	Sahih al-Bukhari 7288; Sahih Muslim 1337	Sahih al-Bukhari: HadeethEnc; Sahih Muslim: HadeethEnc	https://hadeethenc.com/en/browse/hadith/66517	
h66520	hadith	Sahih al-Bukhari 13; Sahih Muslim 45	Sahih al-Bukhari: HadeethEnc; Sahih Muslim: HadeethEnc	https://hadeethenc.com/en/browse/hadith/66520	
h66521	hadith	Sahih Muslim 1955	Sahih Muslim: HadeethEnc	https://hadeethenc.com/en/browse/hadith/66521	
h66523	hadith	Sahih al-Bukhari 6120	Sahih al-Bukhari: HadeethEnc	https://hadeethenc.com/en/browse/hadith/66523	
h66524	hadith	Sahih Muslim 38	Sahih Muslim: HadeethEnc	https://hadeethenc.com/en/browse/hadith/66524	
h66525	hadith	Sahih Muslim 15	Sahih Muslim: HadeethEnc	https://hadeethenc.com/en/browse/hadith/66525	
q1_1	verse	Surah al-Fatihah 1:1		https://quranenc.com/en/browse/english_rwwad/1#1	
q1_5	verse	Surah al-Fatihah 1:5		https://quranenc.com/en/browse/english_rwwad/1#5	
q2_28	verse	Surah al-Baqarah 2:28		https://quranenc.com/en/browse/english_rwwad/2#28	
q2_45_46	verse	Surah al-Baqarah 2:45–46		https://quranenc.com/en/browse/english_rwwad/2#45	
q2_81	verse	Surah al-Baqarah 2:81		https://quranenc.com/en/browse/english_rwwad/2#81	
q2_94	verse	Surah al-Baqarah 2:94		https://quranenc.com/en/browse/english_rwwad/2#94	
q2_97	verse	Surah al-Baqarah 2:97		https://quranenc.com/en/browse/english_rwwad/2#97	
q2_98	verse	Surah al-Baqarah 2:98		https://quranenc.com/en/browse/english_rwwad/2#98	
q2_104	verse	Surah al-Baqarah 2:104		https://quranenc.com/en/browse/english_rwwad/2#104	
q2_106	verse	Surah al-Baqarah 2:106		https://quranenc.com/en/browse/english_rwwad/2#106	
q2_107	verse	Surah al-Baqarah 2:107		https://quranenc.com/en/browse/english_rwwad/2#107	
q2_112	verse	Surah al-Baqarah 2:112		https://quranenc.com/en/browse/english_rwwad/2#112	
q2_117	verse	Surah al-Baqarah 2:117		https://quranenc.com/en/browse/english_rwwad/2#117	
q2_119	verse	Surah al-Baqarah 2:119		https://quranenc.com/en/browse/english_rwwad/2#119	
q2_148	verse	Surah al-Baqarah 2:148		https://quranenc.com/en/browse/english_rwwad/2#148	
q2_149	verse	Surah al-Baqarah 2:149		https://quranenc.com/en/browse/english_rwwad/2#149	
q2_179	verse	Surah al-Baqarah 2:179		https://quranenc.com/en/browse/english_rwwad/2#179	
q2_198	verse	Surah al-Baqarah 2:198		https://quranenc.com/en/browse/english_rwwad/2#198	
q2_208	verse	Surah al-Baqarah 2:208		https://quranenc.com/en/browse/english_rwwad/2#208	
q2_209	verse	Surah al-Baqarah 2:209		https://quranenc.com/en/browse/english_rwwad/2#209	
q2_212	verse	Surah al-Baqarah 2:212		https://quranenc.com/en/browse/english_rwwad/2#212	
q2_224	verse	Surah al-Baqarah 2:224		https://quranenc.com/en/browse/english_rwwad/2#224	
q2_225	verse	Surah al-Baqarah 2:225		https://quranenc.com/en/browse/english_rwwad/2#225	
q2_254	verse	Surah al-Baqarah 2:254		https://quranenc.com/en/browse/english_rwwad/2#254	
q2_261	verse	Surah al-Baqarah 2:261		https://quranenc.com/en/browse/english_rwwad/2#261	
q2_263	verse	Surah al-Baqarah 2:263		https://quranenc.com/en/browse/english_rwwad/2#263	
q2_284	verse	Surah al-Baqarah 2:284		https://quranenc.com/en/browse/english_rwwad/2#284	
q3_2	verse	Surah Al 'Imran 3:2		https://quranenc.com/en/browse/english_rwwad/3#2	
q3_5	verse	Surah Al 'Imran 3:5		https://quranenc.com/en/browse/english_rwwad/3#5	
q3_12	verse	Surah Al 'Imran 3:12		https://quranenc.com/en/browse/english_rwwad/3#12	
q3_14	verse	Surah Al 'Imran 3:14		https://quranenc.com/en/browse/english_rwwad/3#14	
q3_18	verse	Surah Al 'Imran 3:18		https://quranenc.com/en/browse/english_rwwad/3#18	
q3_19	verse	Surah Al 'Imran 3:19		https://quranenc.com/en/browse/english_rwwad/3#19	
q3_29	verse	Surah Al 'Imran 3:29		https://quranenc.com/en/browse/english_rwwad/3#29	
q3_32	verse	Surah Al 'Imran 3:32		https://quranenc.com/en/browse/english_rwwad/3#32	
q3_61	verse	Surah Al 'Imran 3:61		https://quranenc.com/en/browse/english_rwwad/3#61	
q3_62	verse	Surah Al 'Imran 3:62		https://quranenc.com/en/browse/english_rwwad/3#62	
q3_68	verse	Surah Al 'Imran 3:68		https://quranenc.com/en/browse/english_rwwad/3#68	
q3_82	verse	Surah Al 'Imran 3:82		https://quranenc.com/en/browse/english_rwwad/3#82	
q3_85	verse	Surah Al 'Imran 3:85		https://quranenc.com/en/browse/english_rwwad/3#85	
q3_86	verse	Surah Al 'Imran 3:86		https://quranenc.com/en/browse/english_rwwad/3#86	
q3_94	verse	Surah Al 'Imran 3:94		https://quranenc.com/en/browse/english_rwwad/3#94	
q3_100	verse	Surah Al 'Imran 3:100		https://quranenc.com/en/browse/english_rwwad/3#100	
q3_102	verse	Surah Al 'Imran 3:102		https://quranenc.com/en/browse/english_rwwad/3#102	
q3_105	verse	Surah Al 'Imran 3:105		https://quranenc.com/en/browse/english_rwwad/3#105	
q3_109	verse	Surah Al 'Imran 3:109		https://quranenc.com/en/browse/english_rwwad/3#109	
q3_126_127	verse	Surah Al 'Imran 3:126–127		https://quranenc.com/en/browse/english_rwwad/3#126	
q3_129	verse	Surah Al 'Imran 3:129		https://quranenc.com/en/browse/english_rwwad/3#129	
q3_139	verse	Surah Al 'Imran 3:139		https://quranenc.com/en/browse/english_rwwad/3#139	
q3_142	verse	Surah Al 'Imran 3:142		https://quranenc.com/en/browse/english_rwwad/3#142	
q3_149	verse	Surah Al 'Imran 3:149		https://quranenc.com/en/browse/english_rwwad/3#149	
q3_151	verse	Surah Al 'Imran 3:151		https://quranenc.com/en/browse/english_rwwad/3#151	
q3_160	verse	Surah Al 'Imran 3:160		https://quranenc.com/en/browse/english_rwwad/3#160	
q3_162	verse	Surah Al 'Imran 3:162		https://quranenc.com/en/browse/english_rwwad/3#162	
q3_185	verse	Surah Al 'Imran 3:185		https://quranenc.com/en/browse/english_rwwad/3#185	
q3_186	verse	Surah Al 'Imran 3:186		https://quranenc.com/en/browse/english_rwwad/3#186	
q3_189	verse	Surah Al 'Imran 3:189		https://quranenc.com/en/browse/english_rwwad/3#189	
q3_192	verse	Surah Al 'Imran 3:192		https://quranenc.com/en/browse/english_rwwad/3#192	
q3_196_197	verse	Surah Al 'Imran 3:196–197		https://quranenc.com/en/browse/english_rwwad/3#196	
q4_18	verse	Surah an-Nisa' 4:18		https://quranenc.com/en/browse/english_rwwad/4#18	
q4_21	verse	Surah an-Nisa' 4:21		https://quranenc.com/en/browse/english_rwwad/4#21	
q4_26	verse	Surah an-Nisa' 4:26		https://quranenc.com/en/browse/english_rwwad/4#26	
q4_27	verse	Surah an-Nisa' 4:27		https://quranenc.com/en/browse/english_rwwad/4#27	
q4_28	verse	Surah an-Nisa' 4:28		https://quranenc.com/en/browse/english_rwwad/4#28	
q4_44	verse	Surah an-Nisa' 4:44		https://quranenc.com/en/browse/english_rwwad/4#44	
q4_64	verse	Surah an-Nisa' 4:64		https://quranenc.com/en/browse/english_rwwad/4#64	
q4_71	verse	Surah an-Nisa' 4:71		https://quranenc.com/en/browse/english_rwwad/4#71	
q4_87	verse	Surah an-Nisa' 4:87		https://quranenc.com/en/browse/english_rwwad/4#87	
q4_100	verse	Surah an-Nisa' 4:100		https://quranenc.com/en/browse/english_rwwad/4#100	
q4_105	verse	Surah an-Nisa' 4:105		https://quranenc.com/en/browse/english_rwwad/4#105	
q4_107	verse	Surah an-Nisa' 4:107		https://quranenc.com/en/browse/english_rwwad/4#107	
q4_110	verse	Surah an-Nisa' 4:110		https://quranenc.com/en/browse/english_rwwad/4#110	
q4_116	verse	Surah an-Nisa' 4:116		https://quranenc.com/en/browse/english_rwwad/4#116	
q4_124	verse	Surah an-Nisa' 4:124		https://quranenc.com/en/browse/english_rwwad/4#124	
q4_126	verse	Surah an-Nisa' 4:126		https://quranenc.com/en/browse/english_rwwad/4#126	
q4_131	verse	Surah an-Nisa' 4:131		https://quranenc.com/en/browse/english_rwwad/4#131	
q4_132	verse	Surah an-Nisa' 4:132		https://quranenc.com/en/browse/english_rwwad/4#132	
q4_133	verse	Surah an-Nisa' 4:133		https://quranenc.com/en/browse/english_rwwad/4#133	
q4_134	verse	Surah an-Nisa' 4:134		https://quranenc.com/en/browse/english_rwwad/4#134	
q4_144	verse	Surah an-Nisa' 4:144		https://quranenc.com/en/browse/english_rwwad/4#144	
q4_147	verse	Surah an-Nisa' 4:147		https://quranenc.com/en/browse/english_rwwad/4#147	
q4_170	verse	Surah an-Nisa' 4:170		https://quranenc.com/en/browse/english_rwwad/4#170	
q5_8	verse	Surah al-Ma'idah 5:8		https://quranenc.com/en/browse/english_rwwad/5#8	
q5_9	verse	Surah al-Ma'idah 5:9		https://quranenc.com/en/browse/english_rwwad/5#9	
q5_11	verse	Surah al-Ma'idah 5:11		https://quranenc.com/en/browse/english_rwwad/5#11	
q5_40	verse	Surah al-Ma'idah 5:40		https://quranenc.com/en/browse/english_rwwad/5#40	
q5_55	verse	Surah al-Ma'idah 5:55		https://quranenc.com/en/browse/english_rwwad/5#55	
q5_56	verse	Surah al-Ma'idah 5:56		https://quranenc.com/en/browse/english_rwwad/5#56	
q5_57	verse	Surah al-Ma'idah 5:57		https://quranenc.com/en/browse/english_rwwad/5#57	
q5_76	verse	Surah al-Ma'idah 5:76		https://quranenc.com/en/browse/english_rwwad/5#76	
q5_88	verse	Surah al-Ma'idah 5:88		https://quranenc.com/en/browse/english_rwwad/5#88	
q5_91	verse	Surah al-Ma'idah 5:91		https://quranenc.com/en/browse/english_rwwad/5#91	
q5_92	verse	Surah al-Ma'idah 5:92		https://quranenc.com/en/browse/english_rwwad/5#92	
q5_93	verse	Surah al-Ma'idah 5:93		https://quranenc.com/en/browse/english_rwwad/5#93	
q5_94	verse	Surah al-Ma'idah 5:94		https://quranenc.com/en/browse/english_rwwad/5#94	
q5_98	verse	Surah al-Ma'idah 5:98		https://quranenc.com/en/browse/english_rwwad/5#98	
q5_99	verse	Surah al-Ma'idah 5:99		https://quranenc.com/en/browse/english_rwwad/5#99	
q5_100	verse	Surah al-Ma'idah 5:100		https://quranenc.com/en/browse/english_rwwad/5#100	
q6_1	verse	Surah al-An'am 6:1		https://quranenc.com/en/browse/english_rwwad/6#1	
q6_11	verse	Surah al-An'am 6:11		https://quranenc.com/en/browse/english_rwwad/6#11	
q6_12	verse	Surah al-An'am 6:12		https://quranenc.com/en/browse/english_rwwad/6#12	
q6_13	verse	Surah al-An'am 6:13		https://quranenc.com/en/browse/english_rwwad/6#13	
q6_14	verse	Surah al-An'am 6:14		https://quranenc.com/en/browse/english_rwwad/6#14	
q6_15	verse	Surah al-An'am 6:15		https://quranenc.com/en/browse/english_rwwad/6#15	
q6_16	verse	Surah al-An'am 6:16		https://quranenc.com/en/browse/english_rwwad/6#16	
q6_17	verse	Surah al-An'am 6:17		https://quranenc.com/en/browse/english_rwwad/6#17	
q6_31	verse	Surah al-An'am 6:31		https://quranenc.com/en/browse/english_rwwad/6#31	
q6_32	verse	Surah al-An'am 6:32		https://quranenc.com/en/browse/english_rwwad/6#32	
q6_42	verse	Surah al-An'am 6:42		https://quranenc.com/en/browse/english_rwwad/6#42	
q6_47	verse	Surah al-An'am 6:47		https://quranenc.com/en/browse/english_rwwad/6#47	
q6_48	verse	Surah al-An'am 6:48		https://quranenc.com/en/browse/english_rwwad/6#48	
q6_51	verse	Surah al-An'am 6:51		https://quranenc.com/en/browse/english_rwwad/6#51	
q6_52	verse	Surah al-An'am 6:52		https://quranenc.com/en/browse/english_rwwad/6#52	
q6_57	verse	Surah al-An'am 6:57		https://quranenc.com/en/browse/english_rwwad/6#57	
q6_58	verse	Surah al-An'am 6:58		https://quranenc.com/en/browse/english_rwwad/6#58	
q6_61	verse	Surah al-An'am 6:61		https://quranenc.com/en/browse/english_rwwad/6#61	
q6_64	verse	Surah al-An'am 6:64		https://quranenc.com/en/browse/english_rwwad/6#64	
q6_65	verse	Surah al-An'am 6:65		https://quranenc.com/en/browse/english_rwwad/6#65	
q6_67	verse	Surah al-An'am 6:67		https://quranenc.com/en/browse/english_rwwad/6#67	
q6_81	verse	Surah al-An'am 6:81		https://quranenc.com/en/browse/english_rwwad/6#81	
q6_101	verse	Surah al-An'am 6:101		https://quranenc.com/en/browse/english_rwwad/6#101	
q6_104	verse	Surah al-An'am 6:104		https://quranenc.com/en/browse/english_rwwad/6#104	
q6_106	verse	Surah al-An'am 6:106		https://quranenc.com/en/browse/english_rwwad/6#106	
q6_108	verse	Surah al-An'am 6:108		https://quranenc.com/en/browse/english_rwwad/6#108	
q6_116	verse	Surah al-An'am 6:116		https://quranenc.com/en/browse/english_rwwad/6#116	
q6_117	verse	Surah al-An'am 6:117		https://quranenc.com/en/browse/english_rwwad/6#117	
q6_120	verse	Surah al-An'am 6:120		https://quranenc.com/en/browse/english_rwwad/6#120	
q6_132	verse	Surah al-An'am 6:132		https://quranenc.com/en/browse/english_rwwad/6#132	
q6_133	verse	Surah al-An'am 6:133		https://quranenc.com/en/browse/english_rwwad/6#133	
q6_134	verse	Surah al-An'am 6:134		https://quranenc.com/en/browse/english_rwwad/6#134	
q6_135	verse	Surah al-An'am 6:135		https://quranenc.com/en/browse/english_rwwad/6#135	
q6_149	verse	Surah al-An'am 6:149		https://quranenc.com/en/browse/english_rwwad/6#149	
q6_150	verse	Surah al-An'am 6:150		https://quranenc.com/en/browse/english_rwwad/6#150	
q6_160	verse	Surah al-An'am 6:160		https://quranenc.com/en/browse/english_rwwad/6#160	
q6_164	verse	Surah al-An'am 6:164		https://quranenc.com/en/browse/english_rwwad/6#164	
q7_3	verse	Surah al-A'raf 7:3		https://quranenc.com/en/browse/english_rwwad/7#3	
q7_8	verse	Surah al-A'raf 7:8		https://quranenc.com/en/browse/english_rwwad/7#8	
q7_10	verse	Surah al-A'raf 7:10		https://quranenc.com/en/browse/english_rwwad/7#10	
q7_26	verse	Surah al-A'raf 7:26		https://quranenc.com/en/browse/english_rwwad/7#26	
q7_27	verse	Surah al-A'raf 7:27		https://quranenc.com/en/browse/english_rwwad/7#27	
q7_29	verse	Surah al-A'raf 7:29		https://quranenc.com/en/browse/english_rwwad/7#29	
q7_55	verse	Surah al-A'raf 7:55		https://quranenc.com/en/browse/english_rwwad/7#55	
q7_94	verse	Surah al-A'raf 7:94		https://quranenc.com/en/browse/english_rwwad/7#94	
q7_96	verse	Surah al-A'raf 7:96		https://quranenc.com/en/browse/english_rwwad/7#96	
q7_97	verse	Surah al-A'raf 7:97		https://quranenc.com/en/browse/english_rwwad/7#97	
q7_177	verse	Surah al-A'raf 7:177		https://quranenc.com/en/browse/english_rwwad/7#177	
q7_186	verse	Surah al-A'raf 7:186		https://quranenc.com/en/browse/english_rwwad/7#186	
q7_188	verse	Surah al-A'raf 7:188		https://quranenc.com/en/browse/english_rwwad/7#188	
q7_196	verse	Surah al-A'raf 7:196		https://quranenc.com/en/browse/english_rwwad/7#196	
q7_206	verse	Surah al-A'raf 7:206		https://quranenc.com/en/browse/english_rwwad/7#206	
q8_2_3	verse	Surah al-Anfal 8:2–3		https://quranenc.com/en/browse/english_rwwad/8#2	
q8_10	verse	Surah al-Anfal 8:10		https://quranenc.com/en/browse/english_rwwad/8#10	
q8_16	verse	Surah al-Anfal 8:16		https://quranenc.com/en/browse/english_rwwad/8#16	
q8_20	verse	Surah al-Anfal 8:20		https://quranenc.com/en/browse/english_rwwad/8#20	
q8_22	verse	Surah al-Anfal 8:22		https://quranenc.com/en/browse/english_rwwad/8#22	
q8_25	verse	Surah al-Anfal 8:25		https://quranenc.com/en/browse/english_rwwad/8#25	
q8_27	verse	Surah al-Anfal 8:27		https://quranenc.com/en/browse/english_rwwad/8#27	
q8_46	verse	Surah al-Anfal 8:46		https://quranenc.com/en/browse/english_rwwad/8#46	
q8_59	verse	Surah al-Anfal 8:59		https://quranenc.com/en/browse/english_rwwad/8#59	
q8_66	verse	Surah al-Anfal 8:66		https://quranenc.com/en/browse/english_rwwad/8#66	
q9_16	verse	Surah at-Tawbah 9:16		https://quranenc.com/en/browse/english_rwwad/9#16	
q9_23	verse	Surah at-Tawbah 9:23		https://quranenc.com/en/browse/english_rwwad/9#23	
q9_34	verse	Surah at-Tawbah 9:34		https://quranenc.com/en/browse/english_rwwad/9#34	
q9_45	verse	Surah at-Tawbah 9:45		https://quranenc.com/en/browse/english_rwwad/9#45	
q9_51	verse	Surah at-Tawbah 9:51		https://quranenc.com/en/browse/english_rwwad/9#51	
q9_53	verse	Surah at-Tawbah 9:53		https://quranenc.com/en/browse/english_rwwad/9#53	
q9_71	verse	Surah at-Tawbah 9:71		https://quranenc.com/en/browse/english_rwwad/9#71	
q9_72	verse	Surah at-Tawbah 9:72		https://quranenc.com/en/browse/english_rwwad/9#72	
q9_91	verse	Surah at-Tawbah 9:91		https://quranenc.com/en/browse/english_rwwad/9#91	
q9_116	verse	Surah at-Tawbah 9:116		https://quranenc.com/en/browse/english_rwwad/9#116	
q9_117	verse	Surah at-Tawbah 9:117		https://quranenc.com/en/browse/english_rwwad/9#117	
q10_4	verse	Surah Yunus 10:4		https://quranenc.com/en/browse/english_rwwad/10#4	
q10_44	verse	Surah Yunus 10:44		https://quranenc.com/en/browse/english_rwwad/10#44	
q10_46	verse	Surah Yunus 10:46		https://quranenc.com/en/browse/english_rwwad/10#46	
q10_49	verse	Surah Yunus 10:49		https://quranenc.com/en/browse/english_rwwad/10#49	
q10_57	verse	Surah Yunus 10:57		https://quranenc.com/en/browse/english_rwwad/10#57	
q10_66	verse	Surah Yunus 10:66		https://quranenc.com/en/browse/english_rwwad/10#66	
q10_69	verse	Surah Yunus 10:69		https://quranenc.com/en/browse/english_rwwad/10#69	
q10_99	verse	Surah Yunus 10:99		https://quranenc.com/en/browse/english_rwwad/10#99	
q10_100	verse	Surah Yunus 10:100		https://quranenc.com/en/browse/english_rwwad/10#100	
q10_101	verse	Surah Yunus 10:101		https://quranenc.com/en/browse/english_rwwad/10#101	
q10_108	verse	Surah Yunus 10:108		https://quranenc.com/en/browse/english_rwwad/10#108	
q10_109	verse	Surah Yunus 10:109		https://quranenc.com/en/browse/english_rwwad/10#109	
q11_9	verse	Surah Hud 11:9		https://quranenc.com/en/browse/english_rwwad/11#9	
q11_103	verse	Surah Hud 11:103		https://quranenc.com/en/browse/english_rwwad/11#103	
q11_111	verse	Surah Hud 11:111		https://quranenc.com/en/browse/english_rwwad/11#111	
q11_113	verse	Surah Hud 11:113		https://quranenc.com/en/browse/english_rwwad/11#113	
q11_120	verse	Surah Hud 11:120		https://quranenc.com/en/browse/english_rwwad/11#120	
q11_123	verse	Surah Hud 11:123		https://quranenc.com/en/browse/english_rwwad/11#123	
q12_2	verse	Surah Yusuf 12:2		https://quranenc.com/en/browse/english_rwwad/12#2	
q12_3	verse	Surah Yusuf 12:3		https://quranenc.com/en/browse/english_rwwad/12#3	
q12_108	verse	Surah Yusuf 12:108		https://quranenc.com/en/browse/english_rwwad/12#108	
q13_9	verse	Surah ar-Ra'd 13:9		https://quranenc.com/en/browse/english_rwwad/13#9	
q13_13	verse	Surah ar-Ra'd 13:13		https://quranenc.com/en/browse/english_rwwad/13#13	
q13_26	verse	Surah ar-Ra'd 13:26		https://quranenc.com/en/browse/english_rwwad/13#26	
q13_35	verse	Surah ar-Ra'd 13:35		https://quranenc.com/en/browse/english_rwwad/13#35	
q13_40	verse	Surah ar-Ra'd 13:40		https://quranenc.com/en/browse/english_rwwad/13#40	
q14_2	verse	Surah Ibrahim 14:2		https://quranenc.com/en/browse/english_rwwad/14#2	
q14_38	verse	Surah Ibrahim 14:38		https://quranenc.com/en/browse/english_rwwad/14#38	
q14_44	verse	Surah Ibrahim 14:44		https://quranenc.com/en/browse/english_rwwad/14#44	
q15_4	verse	Surah al-Hijr 15:4		https://quranenc.com/en/browse/english_rwwad/15#4	
q15_10	verse	Surah al-Hijr 15:10		https://quranenc.com/en/browse/english_rwwad/15#10	
q15_11	verse	Surah al-Hijr 15:11		https://quranenc.com/en/browse/english_rwwad/15#11	
q15_16_18	verse	Surah al-Hijr 15:16–18		https://quranenc.com/en/browse/english_rwwad/15#16	
q15_21	verse	Surah al-Hijr 15:21		https://quranenc.com/en/browse/english_rwwad/15#21	
q15_24	verse	Surah al-Hijr 15:24		https://quranenc.com/en/browse/english_rwwad/15#24	
q15_45	verse	Surah al-Hijr 15:45		https://quranenc.com/en/browse/english_rwwad/15#45	
q15_64	verse	Surah al-Hijr 15:64		https://quranenc.com/en/browse/english_rwwad/15#64	
q15_86	verse	Surah al-Hijr 15:86		https://quranenc.com/en/browse/english_rwwad/15#86	
q16_17	verse	Surah an-Nahl 16:17		https://quranenc.com/en/browse/english_rwwad/16#17	
q16_19	verse	Surah an-Nahl 16:19		https://quranenc.com/en/browse/english_rwwad/16#19	
q16_45	verse	Surah an-Nahl 16:45		https://quranenc.com/en/browse/english_rwwad/16#45	
q16_52	verse	Surah an-Nahl 16:52		https://quranenc.com/en/browse/english_rwwad/16#52	
q16_59	verse	Surah an-Nahl 16:59		https://quranenc.com/en/browse/english_rwwad/16#59	
q16_61	verse	Surah an-Nahl 16:61		https://quranenc.com/en/browse/english_rwwad/16#61	
q16_77	verse	Surah an-Nahl 16:77		https://quranenc.com/en/browse/english_rwwad/16#77	
q16_95	verse	Surah an-Nahl 16:95		https://quranenc.com/en/browse/english_rwwad/16#95	
q16_96	verse	Surah an-Nahl 16:96		https://quranenc.com/en/browse/english_rwwad/16#96	
q16_105	verse	Surah an-Nahl 16:105		https://quranenc.com/en/browse/english_rwwad/16#105	
q16_106	verse	Surah an-Nahl 16:106		https://quranenc.com/en/browse/english_rwwad/16#106	
q16_116	verse	Surah an-Nahl 16:116		https://quranenc.com/en/browse/english_rwwad/16#116	
q16_128	verse	Surah an-Nahl 16:128		https://quranenc.com/en/browse/english_rwwad/16#128	
q17_9	verse	Surah al-Isra' 17:9		https://quranenc.com/en/browse/english_rwwad/17#9	
q17_12	verse	Surah al-Isra' 17:12		https://quranenc.com/en/browse/english_rwwad/17#12	
q17_25	verse	Surah al-Isra' 17:25		https://quranenc.com/en/browse/english_rwwad/17#25	
q17_38	verse	Surah al-Isra' 17:38		https://quranenc.com/en/browse/english_rwwad/17#38	
q17_44	verse	Surah al-Isra' 17:44		https://quranenc.com/en/browse/english_rwwad/17#44	
q17_56	verse	Surah al-Isra' 17:56		https://quranenc.com/en/browse/english_rwwad/17#56	
q17_68	verse	Surah al-Isra' 17:68		https://quranenc.com/en/browse/english_rwwad/17#68	
q17_75	verse	Surah al-Isra' 17:75		https://quranenc.com/en/browse/english_rwwad/17#75	
q17_95	verse	Surah al-Isra' 17:95		https://quranenc.com/en/browse/english_rwwad/17#95	
q18_28	verse	Surah al-Kahf 18:28		https://quranenc.com/en/browse/english_rwwad/18#28	
q18_46	verse	Surah al-Kahf 18:46		https://quranenc.com/en/browse/english_rwwad/18#46	
q18_55	verse	Surah al-Kahf 18:55		https://quranenc.com/en/browse/english_rwwad/18#55	
q18_56	verse	Surah al-Kahf 18:56		https://quranenc.com/en/browse/english_rwwad/18#56	
q18_110	verse	Surah al-Kahf 18:110		https://quranenc.com/en/browse/english_rwwad/18#110	
q19_25	verse	Surah Maryam 19:25		https://quranenc.com/en/browse/english_rwwad/19#25	
q19_66	verse	Surah Maryam 19:66		https://quranenc.com/en/browse/english_rwwad/19#66	
q19_67	verse	Surah Maryam 19:67		https://quranenc.com/en/browse/english_rwwad/19#67	
q19_75	verse	Surah Maryam 19:75		https://quranenc.com/en/browse/english_rwwad/19#75	
q19_76	verse	Surah Maryam 19:76		https://quranenc.com/en/browse/english_rwwad/19#76	
q19_83	verse	Surah Maryam 19:83		https://quranenc.com/en/browse/english_rwwad/19#83	
q19_97	verse	Surah Maryam 19:97		https://quranenc.com/en/browse/english_rwwad/19#97	
q20_2_3	verse	Surah Taha 20:2–3		https://quranenc.com/en/browse/english_rwwad/20#2	
q20_4	verse	Surah Taha 20:4		https://quranenc.com/en/browse/english_rwwad/20#4	
q20_7	verse	Surah Taha 20:7		https://quranenc.com/en/browse/english_rwwad/20#7	
q20_8	verse	Surah Taha 20:8		https://quranenc.com/en/browse/english_rwwad/20#8	
q20_12	verse	Surah Taha 20:12		https://quranenc.com/en/browse/english_rwwad/20#12	
q20_13_14	verse	Surah Taha 20:13–14		https://quranenc.com/en/browse/english_rwwad/20#13	
q20_20	verse	Surah Taha 20:20		https://quranenc.com/en/browse/english_rwwad/20#20	
q20_42	verse	Surah Taha 20:42		https://quranenc.com/en/browse/english_rwwad/20#42	
q20_55	verse	Surah Taha 20:55		https://quranenc.com/en/browse/english_rwwad/20#55	
q20_109	verse	Surah Taha 20:109		https://quranenc.com/en/browse/english_rwwad/20#109	
q20_131	verse	Surah Taha 20:131		https://quranenc.com/en/browse/english_rwwad/20#131	
q20_132	verse	Surah Taha 20:132		https://quranenc.com/en/browse/english_rwwad/20#132	
q21_1	verse	Surah al-Anbiya' 21:1		https://quranenc.com/en/browse/english_rwwad/21#1	
q21_7	verse	Surah al-Anbiya' 21:7		https://quranenc.com/en/browse/english_rwwad/21#7	
q21_19	verse	Surah al-Anbiya' 21:19		https://quranenc.com/en/browse/english_rwwad/21#19	
q21_29	verse	Surah al-Anbiya' 21:29		https://quranenc.com/en/browse/english_rwwad/21#29	
q21_30	verse	Surah al-Anbiya' 21:30		https://quranenc.com/en/browse/english_rwwad/21#30	
q21_34	verse	Surah al-Anbiya' 21:34		https://quranenc.com/en/browse/english_rwwad/21#34	
q21_35	verse	Surah al-Anbiya' 21:35		https://quranenc.com/en/browse/english_rwwad/21#35	
q21_37	verse	Surah al-Anbiya' 21:37		https://quranenc.com/en/browse/english_rwwad/21#37	
q21_41	verse	Surah al-Anbiya' 21:41		https://quranenc.com/en/browse/english_rwwad/21#41	
q21_42	verse	Surah al-Anbiya' 21:42		https://quranenc.com/en/browse/english_rwwad/21#42	
q21_92	verse	Surah al-Anbiya' 21:92		https://quranenc.com/en/browse/english_rwwad/21#92	
q21_98	verse	Surah al-Anbiya' 21:98		https://quranenc.com/en/browse/english_rwwad/21#98	
q21_106	verse	Surah al-Anbiya' 21:106		https://quranenc.com/en/browse/english_rwwad/21#106	
q21_107	verse	Surah al-Anbiya' 21:107		https://quranenc.com/en/browse/english_rwwad/21#107	
q22_1	verse	Surah al-Hajj 22:1		https://quranenc.com/en/browse/english_rwwad/22#1	
q22_3	verse	Surah al-Hajj 22:3		https://quranenc.com/en/browse/english_rwwad/22#3	
q22_7	verse	Surah al-Hajj 22:7		https://quranenc.com/en/browse/english_rwwad/22#7	
q22_8	verse	Surah al-Hajj 22:8		https://quranenc.com/en/browse/english_rwwad/22#8	
q22_14	verse	Surah al-Hajj 22:14		https://quranenc.com/en/browse/english_rwwad/22#14	
q22_23	verse	Surah al-Hajj 22:23		https://quranenc.com/en/browse/english_rwwad/22#23	
q22_31	verse	Surah al-Hajj 22:31		https://quranenc.com/en/browse/english_rwwad/22#31	
q22_38	verse	Surah al-Hajj 22:38		https://quranenc.com/en/browse/english_rwwad/22#38	
q22_64	verse	Surah al-Hajj 22:64		https://quranenc.com/en/browse/english_rwwad/22#64	
q22_65	verse	Surah al-Hajj 22:65		https://quranenc.com/en/browse/english_rwwad/22#65	
q22_69	verse	Surah al-Hajj 22:69		https://quranenc.com/en/browse/english_rwwad/22#69	
q22_75	verse	Surah al-Hajj 22:75		https://quranenc.com/en/browse/english_rwwad/22#75	
q22_77	verse	Surah al-Hajj 22:77		https://quranenc.com/en/browse/english_rwwad/22#77	
q23_17	verse	Surah al-Mu'minun 23:17		https://quranenc.com/en/browse/english_rwwad/23#17	
q23_18	verse	Surah al-Mu'minun 23:18		https://quranenc.com/en/browse/english_rwwad/23#18	
q23_34	verse	Surah al-Mu'minun 23:34		https://quranenc.com/en/browse/english_rwwad/23#34	
q23_37	verse	Surah al-Mu'minun 23:37		https://quranenc.com/en/browse/english_rwwad/23#37	
q23_43	verse	Surah al-Mu'minun 23:43		https://quranenc.com/en/browse/english_rwwad/23#43	
q23_84	verse	Surah al-Mu'minun 23:84		https://quranenc.com/en/browse/english_rwwad/23#84	
q23_86	verse	Surah al-Mu'minun 23:86		https://quranenc.com/en/browse/english_rwwad/23#86	
q23_88	verse	Surah al-Mu'minun 23:88		https://quranenc.com/en/browse/english_rwwad/23#88	
q23_112	verse	Surah al-Mu'minun 23:112		https://quranenc.com/en/browse/english_rwwad/23#112	
q23_118	verse	Surah al-Mu'minun 23:118		https://quranenc.com/en/browse/english_rwwad/23#118	
q24_17	verse	Surah an-Nur 24:17		https://quranenc.com/en/browse/english_rwwad/24#17	
q24_18	verse	Surah an-Nur 24:18		https://quranenc.com/en/browse/english_rwwad/24#18	
q24_20	verse	Surah an-Nur 24:20		https://quranenc.com/en/browse/english_rwwad/24#20	
q24_21	verse	Surah an-Nur 24:21		https://quranenc.com/en/browse/english_rwwad/24#21	
q24_28	verse	Surah an-Nur 24:28		https://quranenc.com/en/browse/english_rwwad/24#28	
q24_34	verse	Surah an-Nur 24:34		https://quranenc.com/en/browse/english_rwwad/24#34	
q24_41	verse	Surah an-Nur 24:41		https://quranenc.com/en/browse/english_rwwad/24#41	
q24_42	verse	Surah an-Nur 24:42		https://quranenc.com/en/browse/english_rwwad/24#42	
q24_44	verse	Surah an-Nur 24:44		https://quranenc.com/en/browse/english_rwwad/24#44	
q24_46	verse	Surah an-Nur 24:46		https://quranenc.com/en/browse/english_rwwad/24#46	
q24_52	verse	Surah an-Nur 24:52		https://quranenc.com/en/browse/english_rwwad/24#52	
q24_56	verse	Surah an-Nur 24:56		https://quranenc.com/en/browse/english_rwwad/24#56	
q24_57	verse	Surah an-Nur 24:57		https://quranenc.com/en/browse/english_rwwad/24#57	
q25_2	verse	Surah al-Furqan 25:2		https://quranenc.com/en/browse/english_rwwad/25#2	
q25_6	verse	Surah al-Furqan 25:6		https://quranenc.com/en/browse/english_rwwad/25#6	
q25_10	verse	Surah al-Furqan 25:10		https://quranenc.com/en/browse/english_rwwad/25#10	
q25_15	verse	Surah al-Furqan 25:15		https://quranenc.com/en/browse/english_rwwad/25#15	
q25_20	verse	Surah al-Furqan 25:20		https://quranenc.com/en/browse/english_rwwad/25#20	
q25_39	verse	Surah al-Furqan 25:39		https://quranenc.com/en/browse/english_rwwad/25#39	
q25_43	verse	Surah al-Furqan 25:43		https://quranenc.com/en/browse/english_rwwad/25#43	
q25_56	verse	Surah al-Furqan 25:56		https://quranenc.com/en/browse/english_rwwad/25#56	
q25_71	verse	Surah al-Furqan 25:71		https://quranenc.com/en/browse/english_rwwad/25#71	
q26_9	verse	Surah ash-Shu'ara' 26:9		https://quranenc.com/en/browse/english_rwwad/26#9	
q26_68	verse	Surah ash-Shu'ara' 26:68		https://quranenc.com/en/browse/english_rwwad/26#68	
q26_104	verse	Surah ash-Shu'ara' 26:104		https://quranenc.com/en/browse/english_rwwad/26#104	
q26_114	verse	Surah ash-Shu'ara' 26:114		https://quranenc.com/en/browse/english_rwwad/26#114	
q26_122	verse	Surah ash-Shu'ara' 26:122		https://quranenc.com/en/browse/english_rwwad/26#122	
q26_140	verse	Surah ash-Shu'ara' 26:140		https://quranenc.com/en/browse/english_rwwad/26#140	
q26_159	verse	Surah ash-Shu'ara' 26:159		https://quranenc.com/en/browse/english_rwwad/26#159	
q26_175	verse	Surah ash-Shu'ara' 26:175		https://quranenc.com/en/browse/english_rwwad/26#175	
q26_181_183	verse	Surah ash-Shu'ara' 26:181–183		https://quranenc.com/en/browse/english_rwwad/26#181	
q26_186	verse	Surah ash-Shu'ara' 26:186		https://quranenc.com/en/browse/english_rwwad/26#186	
q26_191	verse	Surah ash-Shu'ara' 26:191		https://quranenc.com/en/browse/english_rwwad/26#191	
q26_220	verse	Surah ash-Shu'ara' 26:220		https://quranenc.com/en/browse/english_rwwad/26#220	
q26_221	verse	Surah ash-Shu'ara' 26:221		https://quranenc.com/en/browse/english_rwwad/26#221	
q27_6	verse	Surah an-Naml 27:6		https://quranenc.com/en/browse/english_rwwad/27#6	
q27_24	verse	Surah an-Naml 27:24		https://quranenc.com/en/browse/english_rwwad/27#24	
q27_48	verse	Surah an-Naml 27:48		https://quranenc.com/en/browse/english_rwwad/27#48	
q27_60	verse	Surah an-Naml 27:60		https://quranenc.com/en/browse/english_rwwad/27#60	
q27_64	verse	Surah an-Naml 27:64		https://quranenc.com/en/browse/english_rwwad/27#64	
q27_65	verse	Surah an-Naml 27:65		https://quranenc.com/en/browse/english_rwwad/27#65	
q27_69	verse	Surah an-Naml 27:69		https://quranenc.com/en/browse/english_rwwad/27#69	
q27_72	verse	Surah an-Naml 27:72		https://quranenc.com/en/browse/english_rwwad/27#72	
q27_89	verse	Surah an-Naml 27:89		https://quranenc.com/en/browse/english_rwwad/27#89	
q28_49	verse	Surah al-Qasas 28:49		https://quranenc.com/en/browse/english_rwwad/28#49	
q28_56	verse	Surah al-Qasas 28:56		https://quranenc.com/en/browse/english_rwwad/28#56	
q28_60	verse	Surah al-Qasas 28:60		https://quranenc.com/en/browse/english_rwwad/28#60	
q28_61	verse	Surah al-Qasas 28:61		https://quranenc.com/en/browse/english_rwwad/28#61	
q28_70	verse	Surah al-Qasas 28:70		https://quranenc.com/en/browse/english_rwwad/28#70	
q28_71	verse	Surah al-Qasas 28:71		https://quranenc.com/en/browse/english_rwwad/28#71	
q28_72	verse	Surah al-Qasas 28:72		https://quranenc.com/en/browse/english_rwwad/28#72	
q28_84	verse	Surah al-Qasas 28:84		https://quranenc.com/en/browse/english_rwwad/28#84	
q29_2	verse	Surah al-'Ankabut 29:2		https://quranenc.com/en/browse/english_rwwad/29#2	
q29_3	verse	Surah al-'Ankabut 29:3		https://quranenc.com/en/browse/english_rwwad/29#3	
q29_5	verse	Surah al-'Ankabut 29:5		https://quranenc.com/en/browse/english_rwwad/29#5	
q29_6	verse	Surah al-'Ankabut 29:6		https://quranenc.com/en/browse/english_rwwad/29#6	
q29_10	verse	Surah al-'Ankabut 29:10		https://quranenc.com/en/browse/english_rwwad/29#10	
q29_20	verse	Surah al-'Ankabut 29:20		https://quranenc.com/en/browse/english_rwwad/29#20	
q29_21	verse	Surah al-'Ankabut 29:21		https://quranenc.com/en/browse/english_rwwad/29#21	
q29_35	verse	Surah al-'Ankabut 29:35		https://quranenc.com/en/browse/english_rwwad/29#35	
q29_44	verse	Surah al-'Ankabut 29:44		https://quranenc.com/en/browse/english_rwwad/29#44	
q29_48	verse	Surah al-'Ankabut 29:48		https://quranenc.com/en/browse/english_rwwad/29#48	
q29_52	verse	Surah al-'Ankabut 29:52		https://quranenc.com/en/browse/english_rwwad/29#52	
q29_57	verse	Surah al-'Ankabut 29:57		https://quranenc.com/en/browse/english_rwwad/29#57	
q30_26	verse	Surah ar-Rum 30:26		https://quranenc.com/en/browse/english_rwwad/30#26	
q30_29	verse	Surah ar-Rum 30:29		https://quranenc.com/en/browse/english_rwwad/30#29	
q30_41	verse	Surah ar-Rum 30:41		https://quranenc.com/en/browse/english_rwwad/30#41	
q30_42	verse	Surah ar-Rum 30:42		https://quranenc.com/en/browse/english_rwwad/30#42	
q30_44_45	verse	Surah ar-Rum 30:44–45		https://quranenc.com/en/browse/english_rwwad/30#44	
q30_50	verse	Surah ar-Rum 30:50		https://quranenc.com/en/browse/english_rwwad/30#50	
q30_58	verse	Surah ar-Rum 30:58		https://quranenc.com/en/browse/english_rwwad/30#58	
q31_10	verse	Surah Luqman 31:10		https://quranenc.com/en/browse/english_rwwad/31#10	
q31_14	verse	Surah Luqman 31:14		https://quranenc.com/en/browse/english_rwwad/31#14	
q31_20	verse	Surah Luqman 31:20		https://quranenc.com/en/browse/english_rwwad/31#20	
q31_26	verse	Surah Luqman 31:26		https://quranenc.com/en/browse/english_rwwad/31#26	
q31_29	verse	Surah Luqman 31:29		https://quranenc.com/en/browse/english_rwwad/31#29	
q31_31	verse	Surah Luqman 31:31		https://quranenc.com/en/browse/english_rwwad/31#31	
q31_33	verse	Surah Luqman 31:33		https://quranenc.com/en/browse/english_rwwad/31#33	
q32_2	verse	Surah as-Sajdah 32:2		https://quranenc.com/en/browse/english_rwwad/32#2	
q32_5	verse	Surah as-Sajdah 32:5		https://quranenc.com/en/browse/english_rwwad/32#5	
q32_11	verse	Surah as-Sajdah 32:11		https://quranenc.com/en/browse/english_rwwad/32#11	
q32_15	verse	Surah as-Sajdah 32:15		https://quranenc.com/en/browse/english_rwwad/32#15	
q32_17	verse	Surah as-Sajdah 32:17		https://quranenc.com/en/browse/english_rwwad/32#17	
q32_18	verse	Surah as-Sajdah 32:18		https://quranenc.com/en/browse/english_rwwad/32#18	
q32_25	verse	Surah as-Sajdah 32:25		https://quranenc.com/en/browse/english_rwwad/32#25	
q32_29	verse	Surah as-Sajdah 32:29		https://quranenc.com/en/browse/english_rwwad/32#29	
q33_2	verse	Surah al-Ahzab 33:2		https://quranenc.com/en/browse/english_rwwad/33#2	
q33_3	verse	Surah al-Ahzab 33:3		https://quranenc.com/en/browse/english_rwwad/33#3	
q33_11	verse	Surah al-Ahzab 33:11		https://quranenc.com/en/browse/english_rwwad/33#11	
q33_45_46	verse	Surah al-Ahzab 33:45–46		https://quranenc.com/en/browse/english_rwwad/33#45	
q33_54	verse	Surah al-Ahzab 33:54		https://quranenc.com/en/browse/english_rwwad/33#54	
q33_56	verse	Surah al-Ahzab 33:56		https://quranenc.com/en/browse/english_rwwad/33#56	
q33_63	verse	Surah al-Ahzab 33:63		https://quranenc.com/en/browse/english_rwwad/33#63	
q33_64_65	verse	Surah al-Ahzab 33:64–65		https://quranenc.com/en/browse/english_rwwad/33#64	
q33_70_71	verse	Surah al-Ahzab 33:70–71		https://quranenc.com/en/browse/english_rwwad/33#70	
q34_1	verse	Surah Saba' 34:1		https://quranenc.com/en/browse/english_rwwad/34#1	
q34_2	verse	Surah Saba' 34:2		https://quranenc.com/en/browse/english_rwwad/34#2	
q34_22	verse	Surah Saba' 34:22		https://quranenc.com/en/browse/english_rwwad/34#22	
q34_25	verse	Surah Saba' 34:25		https://quranenc.com/en/browse/english_rwwad/34#25	
q34_27	verse	Surah Saba' 34:27		https://quranenc.com/en/browse/english_rwwad/34#27	
q34_28	verse	Surah Saba' 34:28		https://quranenc.com/en/browse/english_rwwad/34#28	
q34_30	verse	Surah Saba' 34:30		https://quranenc.com/en/browse/english_rwwad/34#30	
q34_36	verse	Surah Saba' 34:36		https://quranenc.com/en/browse/english_rwwad/34#36	
q34_47	verse	Surah Saba' 34:47		https://quranenc.com/en/browse/english_rwwad/34#47	
q34_48	verse	Surah Saba' 34:48		https://quranenc.com/en/browse/english_rwwad/34#48	
q34_50	verse	Surah Saba' 34:50		https://quranenc.com/en/browse/english_rwwad/34#50	
q35_1	verse	Surah Fatir 35:1		https://quranenc.com/en/browse/english_rwwad/35#1	
q35_2	verse	Surah Fatir 35:2		https://quranenc.com/en/browse/english_rwwad/35#2	
q35_3	verse	Surah Fatir 35:3		https://quranenc.com/en/browse/english_rwwad/35#3	
q35_5	verse	Surah Fatir 35:5		https://quranenc.com/en/browse/english_rwwad/35#5	
q35_8	verse	Surah Fatir 35:8		https://quranenc.com/en/browse/english_rwwad/35#8	
q35_12	verse	Surah Fatir 35:12		https://quranenc.com/en/browse/english_rwwad/35#12	
q35_13	verse	Surah Fatir 35:13		https://quranenc.com/en/browse/english_rwwad/35#13	
q35_15	verse	Surah Fatir 35:15		https://quranenc.com/en/browse/english_rwwad/35#15	
q35_16_17	verse	Surah Fatir 35:16–17		https://quranenc.com/en/browse/english_rwwad/35#16	
q35_38	verse	Surah Fatir 35:38		https://quranenc.com/en/browse/english_rwwad/35#38	
q36_21	verse	Surah Ya-Sin 36:21		https://quranenc.com/en/browse/english_rwwad/36#21	
q36_24	verse	Surah Ya-Sin 36:24		https://quranenc.com/en/browse/english_rwwad/36#24	
q36_30	verse	Surah Ya-Sin 36:30		https://quranenc.com/en/browse/english_rwwad/36#30	
q36_38	verse	Surah Ya-Sin 36:38		https://quranenc.com/en/browse/english_rwwad/36#38	
q36_55_56	verse	Surah Ya-Sin 36:55–56		https://quranenc.com/en/browse/english_rwwad/36#55	
q36_60_61	verse	Surah Ya-Sin 36:60–61		https://quranenc.com/en/browse/english_rwwad/36#60	
q36_62	verse	Surah Ya-Sin 36:62		https://quranenc.com/en/browse/english_rwwad/36#62	
q36_81	verse	Surah Ya-Sin 36:81		https://quranenc.com/en/browse/english_rwwad/36#81	
q37_31	verse	Surah as-Saffat 37:31		https://quranenc.com/en/browse/english_rwwad/37#31	
q37_63	verse	Surah as-Saffat 37:63		https://quranenc.com/en/browse/english_rwwad/37#63	
q37_71_72	verse	Surah as-Saffat 37:71–72		https://quranenc.com/en/browse/english_rwwad/37#71	
q37_83	verse	Surah as-Saffat 37:83		https://quranenc.com/en/browse/english_rwwad/37#83	
q37_86	verse	Surah as-Saffat 37:86		https://quranenc.com/en/browse/english_rwwad/37#86	
q37_123	verse	Surah as-Saffat 37:123		https://quranenc.com/en/browse/english_rwwad/37#123	
q37_151_152	verse	Surah as-Saffat 37:151–152		https://quranenc.com/en/browse/english_rwwad/37#151	
q37_154	verse	Surah as-Saffat 37:154		https://quranenc.com/en/browse/english_rwwad/37#154	
q38_28	verse	Surah Sad 38:28		https://quranenc.com/en/browse/english_rwwad/38#28	
q38_31	verse	Surah Sad 38:31		https://quranenc.com/en/browse/english_rwwad/38#31	
q38_54	verse	Surah Sad 38:54		https://quranenc.com/en/browse/english_rwwad/38#54	
q38_67_68	verse	Surah Sad 38:67–68		https://quranenc.com/en/browse/english_rwwad/38#67	
q39_1	verse	Surah az-Zumar 39:1		https://quranenc.com/en/browse/english_rwwad/39#1	
q39_2	verse	Surah az-Zumar 39:2		https://quranenc.com/en/browse/english_rwwad/39#2	
q39_4	verse	Surah az-Zumar 39:4		https://quranenc.com/en/browse/english_rwwad/39#4	
q39_5	verse	Surah az-Zumar 39:5		https://quranenc.com/en/browse/english_rwwad/39#5	
q39_11_12	verse	Surah az-Zumar 39:11–12		https://quranenc.com/en/browse/english_rwwad/39#11	
q39_13	verse	Surah az-Zumar 39:13		https://quranenc.com/en/browse/english_rwwad/39#13	
q39_19	verse	Surah az-Zumar 39:19		https://quranenc.com/en/browse/english_rwwad/39#19	
q39_22	verse	Surah az-Zumar 39:22		https://quranenc.com/en/browse/english_rwwad/39#22	
q39_27_28	verse	Surah az-Zumar 39:27–28		https://quranenc.com/en/browse/english_rwwad/39#27	
q39_30_31	verse	Surah az-Zumar 39:30–31		https://quranenc.com/en/browse/english_rwwad/39#30	
q39_39_40	verse	Surah az-Zumar 39:39–40		https://quranenc.com/en/browse/english_rwwad/39#39	
q39_41	verse	Surah az-Zumar 39:41		https://quranenc.com/en/browse/english_rwwad/39#41	
q39_44	verse	Surah az-Zumar 39:44		https://quranenc.com/en/browse/english_rwwad/39#44	
q39_54	verse	Surah az-Zumar 39:54		https://quranenc.com/en/browse/english_rwwad/39#54	
q39_62	verse	Surah az-Zumar 39:62		https://quranenc.com/en/browse/english_rwwad/39#62	
q39_63	verse	Surah az-Zumar 39:63		https://quranenc.com/en/browse/english_rwwad/39#63	
q39_64	verse	Surah az-Zumar 39:64		https://quranenc.com/en/browse/english_rwwad/39#64	
q39_68	verse	Surah az-Zumar 39:68		https://quranenc.com/en/browse/english_rwwad/39#68	
q40_2_3	verse	Surah Ghafir 40:2–3		https://quranenc.com/en/browse/english_rwwad/40#2	
q40_4	verse	Surah Ghafir 40:4		https://quranenc.com/en/browse/english_rwwad/40#4	
q40_19	verse	Surah Ghafir 40:19		https://quranenc.com/en/browse/english_rwwad/40#19	
q40_20	verse	Surah Ghafir 40:20		https://quranenc.com/en/browse/english_rwwad/40#20	
q40_40	verse	Surah Ghafir 40:40		https://quranenc.com/en/browse/english_rwwad/40#40	
q40_57	verse	Surah Ghafir 40:57		https://quranenc.com/en/browse/english_rwwad/40#57	
q40_58	verse	Surah Ghafir 40:58		https://quranenc.com/en/browse/english_rwwad/40#58	
q40_59	verse	Surah Ghafir 40:59		https://quranenc.com/en/browse/english_rwwad/40#59	
q40_60	verse	Surah Ghafir 40:60		https://quranenc.com/en/browse/english_rwwad/40#60	
q40_66	verse	Surah Ghafir 40:66		https://quranenc.com/en/browse/english_rwwad/40#66	
q40_69	verse	Surah Ghafir 40:69		https://quranenc.com/en/browse/english_rwwad/40#69	
q40_78	verse	Surah Ghafir 40:78		https://quranenc.com/en/browse/english_rwwad/40#78	
q41_27	verse	Surah Fussilat 41:27		https://quranenc.com/en/browse/english_rwwad/41#27	
q41_34	verse	Surah Fussilat 41:34		https://quranenc.com/en/browse/english_rwwad/41#34	
q41_36	verse	Surah Fussilat 41:36		https://quranenc.com/en/browse/english_rwwad/41#36	
q41_42	verse	Surah Fussilat 41:42		https://quranenc.com/en/browse/english_rwwad/41#42	
q41_49	verse	Surah Fussilat 41:49		https://quranenc.com/en/browse/english_rwwad/41#49	
q41_52	verse	Surah Fussilat 41:52		https://quranenc.com/en/browse/english_rwwad/41#52	
q42_12	verse	Surah ash-Shura 42:12		https://quranenc.com/en/browse/english_rwwad/42#12	
q42_20	verse	Surah ash-Shura 42:20		https://quranenc.com/en/browse/english_rwwad/42#20	
q42_22	verse	Surah ash-Shura 42:22		https://quranenc.com/en/browse/english_rwwad/42#22	
q42_26	verse	Surah ash-Shura 42:26		https://quranenc.com/en/browse/english_rwwad/42#26	
q42_30	verse	Surah ash-Shura 42:30		https://quranenc.com/en/browse/english_rwwad/42#30	
q42_31	verse	Surah ash-Shura 42:31		https://quranenc.com/en/browse/english_rwwad/42#31	
q42_33	verse	Surah ash-Shura 42:33		https://quranenc.com/en/browse/english_rwwad/42#33	
q42_40	verse	Surah ash-Shura 42:40		https://quranenc.com/en/browse/english_rwwad/42#40	
q42_42	verse	Surah ash-Shura 42:42		https://quranenc.com/en/browse/english_rwwad/42#42	
q42_44	verse	Surah ash-Shura 42:44		https://quranenc.com/en/browse/english_rwwad/42#44	
q42_47	verse	Surah ash-Shura 42:47		https://quranenc.com/en/browse/english_rwwad/42#47	
q42_49_50	verse	Surah ash-Shura 42:49–50		https://quranenc.com/en/browse/english_rwwad/42#49	
q43_6	verse	Surah az-Zukhruf 43:6		https://quranenc.com/en/browse/english_rwwad/43#6	
q43_7	verse	Surah az-Zukhruf 43:7		https://quranenc.com/en/browse/english_rwwad/43#7	
q43_16	verse	Surah az-Zukhruf 43:16		https://quranenc.com/en/browse/english_rwwad/43#16	
q43_36_37	verse	Surah az-Zukhruf 43:36–37		https://quranenc.com/en/browse/english_rwwad/43#36	
q43_40	verse	Surah az-Zukhruf 43:40		https://quranenc.com/en/browse/english_rwwad/43#40	
q43_45	verse	Surah az-Zukhruf 43:45		https://quranenc.com/en/browse/english_rwwad/43#45	
q43_74	verse	Surah az-Zukhruf 43:74		https://quranenc.com/en/browse/english_rwwad/43#74	
q43_78	verse	Surah az-Zukhruf 43:78		https://quranenc.com/en/browse/english_rwwad/43#78	
q43_85	verse	Surah az-Zukhruf 43:85		https://quranenc.com/en/browse/english_rwwad/43#85	
q44_8	verse	Surah ad-Dukhan 44:8		https://quranenc.com/en/browse/english_rwwad/44#8	
q44_15	verse	Surah ad-Dukhan 44:15		https://quranenc.com/en/browse/english_rwwad/44#15	
q44_51_53	verse	Surah ad-Dukhan 44:51–53		https://quranenc.com/en/browse/english_rwwad/44#51	
q45_2	verse	Surah al-Jathiyah 45:2		https://quranenc.com/en/browse/english_rwwad/45#2	
q45_3_4	verse	Surah al-Jathiyah 45:3–4		https://quranenc.com/en/browse/english_rwwad/45#3	
q45_15	verse	Surah al-Jathiyah 45:15		https://quranenc.com/en/browse/english_rwwad/45#15	
q45_21	verse	Surah al-Jathiyah 45:21		https://quranenc.com/en/browse/english_rwwad/45#21	
q45_22	verse	Surah al-Jathiyah 45:22		https://quranenc.com/en/browse/english_rwwad/45#22	
q45_26	verse	Surah al-Jathiyah 45:26		https://quranenc.com/en/browse/english_rwwad/45#26	
q45_27	verse	Surah al-Jathiyah 45:27		https://quranenc.com/en/browse/english_rwwad/45#27	
q45_37	verse	Surah al-Jathiyah 45:37		https://quranenc.com/en/browse/english_rwwad/45#37	
q46_2	verse	Surah al-Ahqaf 46:2		https://quranenc.com/en/browse/english_rwwad/46#2	
q46_4	verse	Surah al-Ahqaf 46:4		https://quranenc.com/en/browse/english_rwwad/46#4	
q46_13	verse	Surah al-Ahqaf 46:13		https://quranenc.com/en/browse/english_rwwad/46#13	
q46_19	verse	Surah al-Ahqaf 46:19		https://quranenc.com/en/browse/english_rwwad/46#19	
q47_14	verse	Surah Muhammad 47:14		https://quranenc.com/en/browse/english_rwwad/47#14	
q47_25	verse	Surah Muhammad 47:25		https://quranenc.com/en/browse/english_rwwad/47#25	
q47_29	verse	Surah Muhammad 47:29		https://quranenc.com/en/browse/english_rwwad/47#29	
q47_31	verse	Surah Muhammad 47:31		https://quranenc.com/en/browse/english_rwwad/47#31	
q47_33	verse	Surah Muhammad 47:33		https://quranenc.com/en/browse/english_rwwad/47#33	
q47_35	verse	Surah Muhammad 47:35		https://quranenc.com/en/browse/english_rwwad/47#35	
q47_38	verse	Surah Muhammad 47:38		https://quranenc.com/en/browse/english_rwwad/47#38	
q48_7	verse	Surah al-Fath 48:7		https://quranenc.com/en/browse/english_rwwad/48#7	
q48_8_9	verse	Surah al-Fath 48:8–9		https://quranenc.com/en/browse/english_rwwad/48#8	
q48_13	verse	Surah al-Fath 48:13		https://quranenc.com/en/browse/english_rwwad/48#13	
q48_14	verse	Surah al-Fath 48:14		https://quranenc.com/en/browse/english_rwwad/48#14	
q48_17	verse	Surah al-Fath 48:17		https://quranenc.com/en/browse/english_rwwad/48#17	
q49_10	verse	Surah al-Hujurat 49:10		https://quranenc.com/en/browse/english_rwwad/49#10	
q49_16	verse	Surah al-Hujurat 49:16		https://quranenc.com/en/browse/english_rwwad/49#16	
q50_31	verse	Surah Qaf 50:31		https://quranenc.com/en/browse/english_rwwad/50#31	
q50_36	verse	Surah Qaf 50:36		https://quranenc.com/en/browse/english_rwwad/50#36	
q50_37	verse	Surah Qaf 50:37		https://quranenc.com/en/browse/english_rwwad/50#37	
q50_43	verse	Surah Qaf 50:43		https://quranenc.com/en/browse/english_rwwad/50#43	
q51_15_16	verse	Surah adh-Dhariyat 51:15–16		https://quranenc.com/en/browse/english_rwwad/51#15	
q51_20_21	verse	Surah adh-Dhariyat 51:20–21		https://quranenc.com/en/browse/english_rwwad/51#20	
q51_23	verse	Surah adh-Dhariyat 51:23		https://quranenc.com/en/browse/english_rwwad/51#23	
q51_56	verse	Surah adh-Dhariyat 51:56		https://quranenc.com/en/browse/english_rwwad/51#56	
q51_59	verse	Surah adh-Dhariyat 51:59		https://quranenc.com/en/browse/english_rwwad/51#59	
q52_7_8	verse	Surah at-Tur 52:7–8		https://quranenc.com/en/browse/english_rwwad/52#7	
q52_15	verse	Surah at-Tur 52:15		https://quranenc.com/en/browse/english_rwwad/52#15	
q52_17_18	verse	Surah at-Tur 52:17–18		https://quranenc.com/en/browse/english_rwwad/52#17	
q52_48	verse	Surah at-Tur 52:48		https://quranenc.com/en/browse/english_rwwad/52#48	
q53_2	verse	Surah an-Najm 53:2		https://quranenc.com/en/browse/english_rwwad/53#2	
q53_21	verse	Surah an-Najm 53:21		https://quranenc.com/en/browse/english_rwwad/53#21	
q53_26	verse	Surah an-Najm 53:26		https://quranenc.com/en/browse/english_rwwad/53#26	
q53_27	verse	Surah an-Najm 53:27		https://quranenc.com/en/browse/english_rwwad/53#27	
q53_33_34	verse	Surah an-Najm 53:33–34		https://quranenc.com/en/browse/english_rwwad/53#33	
q54_17	verse	Surah al-Qamar 54:17		https://quranenc.com/en/browse/english_rwwad/54#17	
q54_22	verse	Surah al-Qamar 54:22		https://quranenc.com/en/browse/english_rwwad/54#22	
q54_32	verse	Surah al-Qamar 54:32		https://quranenc.com/en/browse/english_rwwad/54#32	
q54_40	verse	Surah al-Qamar 54:40		https://quranenc.com/en/browse/english_rwwad/54#40	
q55_7_8	verse	Surah ar-Rahman 55:7–8		https://quranenc.com/en/browse/english_rwwad/55#7	
q55_10_12	verse	Surah ar-Rahman 55:10–12		https://quranenc.com/en/browse/english_rwwad/55#10	
q55_14_15	verse	Surah ar-Rahman 55:14–15		https://quranenc.com/en/browse/english_rwwad/55#14	
q55_24	verse	Surah ar-Rahman 55:24		https://quranenc.com/en/browse/english_rwwad/55#24	
q55_31	verse	Surah ar-Rahman 55:31		https://quranenc.com/en/browse/english_rwwad/55#31	
q55_33	verse	Surah ar-Rahman 55:33		https://quranenc.com/en/browse/english_rwwad/55#33	
q55_52	verse	Surah ar-Rahman 55:52		https://quranenc.com/en/browse/english_rwwad/55#52	
q55_60	verse	Surah ar-Rahman 55:60		https://quranenc.com/en/browse/english_rwwad/55#60	
q55_72	verse	Surah ar-Rahman 55:72		https://quranenc.com/en/browse/english_rwwad/55#72	
q55_74	verse	Surah ar-Rahman 55:74		https://quranenc.com/en/browse/english_rwwad/55#74	
q55_78	verse	Surah ar-Rahman 55:78		https://quranenc.com/en/browse/english_rwwad/55#78	
q56_27	verse	Surah al-Waqi'ah 56:27		https://quranenc.com/en/browse/english_rwwad/56#27	
q56_58	verse	Surah al-Waqi'ah 56:58		https://quranenc.com/en/browse/english_rwwad/56#58	
q56_59	verse	Surah al-Waqi'ah 56:59		https://quranenc.com/en/browse/english_rwwad/56#59	
q56_62	verse	Surah al-Waqi'ah 56:62		https://quranenc.com/en/browse/english_rwwad/56#62	
q56_64	verse	Surah al-Waqi'ah 56:64		https://quranenc.com/en/browse/english_rwwad/56#64	
q56_65_67	verse	Surah al-Waqi'ah 56:65–67		https://quranenc.com/en/browse/english_rwwad/56#65	
q56_68	verse	Surah al-Waqi'ah 56:68		https://quranenc.com/en/browse/english_rwwad/56#68	
q56_69	verse	Surah al-Waqi'ah 56:69		https://quranenc.com/en/browse/english_rwwad/56#69	
q56_70	verse	Surah al-Waqi'ah 56:70		https://quranenc.com/en/browse/english_rwwad/56#70	
q56_71	verse	Surah al-Waqi'ah 56:71		https://quranenc.com/en/browse/english_rwwad/56#71	
q56_86_87	verse	Surah al-Waqi'ah 56:86–87		https://quranenc.com/en/browse/english_rwwad/56#86	
q57_2	verse	Surah al-Hadid 57:2		https://quranenc.com/en/browse/english_rwwad/57#2	
q57_5	verse	Surah al-Hadid 57:5		https://quranenc.com/en/browse/english_rwwad/57#5	
q57_6	verse	Surah al-Hadid 57:6		https://quranenc.com/en/browse/english_rwwad/57#6	
q57_16	verse	Surah al-Hadid 57:16		https://quranenc.com/en/browse/english_rwwad/57#16	
q57_21	verse	Surah al-Hadid 57:21		https://quranenc.com/en/browse/english_rwwad/57#21	
q57_28	verse	Surah al-Hadid 57:28		https://quranenc.com/en/browse/english_rwwad/57#28	
q58_5	verse	Surah al-Mujadilah 58:5		https://quranenc.com/en/browse/english_rwwad/58#5	
q58_9	verse	Surah al-Mujadilah 58:9		https://quranenc.com/en/browse/english_rwwad/58#9	
q58_12	verse	Surah al-Mujadilah 58:12		https://quranenc.com/en/browse/english_rwwad/58#12	
q58_20	verse	Surah al-Mujadilah 58:20		https://quranenc.com/en/browse/english_rwwad/58#20	
q58_21	verse	Surah al-Mujadilah 58:21		https://quranenc.com/en/browse/english_rwwad/58#21	
q59_1	verse	Surah al-Hashr 59:1		https://quranenc.com/en/browse/english_rwwad/59#1	
q59_19	verse	Surah al-Hashr 59:19		https://quranenc.com/en/browse/english_rwwad/59#19	
q59_20	verse	Surah al-Hashr 59:20		https://quranenc.com/en/browse/english_rwwad/59#20	
q59_22	verse	Surah al-Hashr 59:22		https://quranenc.com/en/browse/english_rwwad/59#22	
q60_9	verse	Surah al-Mumtahanah 60:9		https://quranenc.com/en/browse/english_rwwad/60#9	
q60_13	verse	Surah al-Mumtahanah 60:13		https://quranenc.com/en/browse/english_rwwad/60#13	
q61_1	verse	Surah as-Saff 61:1		https://quranenc.com/en/browse/english_rwwad/61#1	
q61_2	verse	Surah as-Saff 61:2		https://quranenc.com/en/browse/english_rwwad/61#2	
q61_10	verse	Surah as-Saff 61:10		https://quranenc.com/en/browse/english_rwwad/61#10	
q61_12	verse	Surah as-Saff 61:12		https://quranenc.com/en/browse/english_rwwad/61#12	
q62_1	verse	Surah al-Jumu'ah 62:1		https://quranenc.com/en/browse/english_rwwad/62#1	
q62_8	verse	Surah al-Jumu'ah 62:8		https://quranenc.com/en/browse/english_rwwad/62#8	
q62_9	verse	Surah al-Jumu'ah 62:9		https://quranenc.com/en/browse/english_rwwad/62#9	
q63_9	verse	Surah al-Munafiqun 63:9		https://quranenc.com/en/browse/english_rwwad/63#9	
q64_1	verse	Surah at-Taghabun 64:1		https://quranenc.com/en/browse/english_rwwad/64#1	
q64_3	verse	Surah at-Taghabun 64:3		https://quranenc.com/en/browse/english_rwwad/64#3	
q64_4	verse	Surah at-Taghabun 64:4		https://quranenc.com/en/browse/english_rwwad/64#4	
q64_5	verse	Surah at-Taghabun 64:5		https://quranenc.com/en/browse/english_rwwad/64#5	
q64_7	verse	Surah at-Taghabun 64:7		https://quranenc.com/en/browse/english_rwwad/64#7	
q64_11	verse	Surah at-Taghabun 64:11		https://quranenc.com/en/browse/english_rwwad/64#11	
q64_12	verse	Surah at-Taghabun 64:12		https://quranenc.com/en/browse/english_rwwad/64#12	
q64_13	verse	Surah at-Taghabun 64:13		https://quranenc.com/en/browse/english_rwwad/64#13	
q64_15	verse	Surah at-Taghabun 64:15		https://quranenc.com/en/browse/english_rwwad/64#15	
q64_18	verse	Surah at-Taghabun 64:18		https://quranenc.com/en/browse/english_rwwad/64#18	
q65_7	verse	Surah at-Talaq 65:7		https://quranenc.com/en/browse/english_rwwad/65#7	
q66_6	verse	Surah at-Tahrim 66:6		https://quranenc.com/en/browse/english_rwwad/66#6	
q67_1	verse	Surah al-Mulk 67:1		https://quranenc.com/en/browse/english_rwwad/67#1	
q67_12	verse	Surah al-Mulk 67:12		https://quranenc.com/en/browse/english_rwwad/67#12	
q67_13	verse	Surah al-Mulk 67:13		https://quranenc.com/en/browse/english_rwwad/67#13	
q67_17	verse	Surah al-Mulk 67:17		https://quranenc.com/en/browse/english_rwwad/67#17	
q67_23	verse	Surah al-Mulk 67:23		https://quranenc.com/en/browse/english_rwwad/67#23	
q67_24	verse	Surah al-Mulk 67:24		https://quranenc.com/en/browse/english_rwwad/67#24	
q67_26	verse	Surah al-Mulk 67:26		https://quranenc.com/en/browse/english_rwwad/67#26	
q67_29	verse	Surah al-Mulk 67:29		https://quranenc.com/en/browse/english_rwwad/67#29	
q67_30	verse	Surah al-Mulk 67:30		https://quranenc.com/en/browse/english_rwwad/67#30	
q68_2	verse	Surah al-Qalam 68:2		https://quranenc.com/en/browse/english_rwwad/68#2	
q68_4	verse	Surah al-Qalam 68:4		https://quranenc.com/en/browse/english_rwwad/68#4	
q68_7	verse	Surah al-Qalam 68:7		https://quranenc.com/en/browse/english_rwwad/68#7	
q68_34	verse	Surah al-Qalam 68:34		https://quranenc.com/en/browse/english_rwwad/68#34	
q68_35	verse	Surah al-Qalam 68:35		https://quranenc.com/en/browse/english_rwwad/68#35	
q68_36	verse	Surah al-Qalam 68:36		https://quranenc.com/en/browse/english_rwwad/68#36	
q68_51	verse	Surah al-Qalam 68:51		https://quranenc.com/en/browse/english_rwwad/68#51	
q69_3	verse	Surah al-Haqqah 69:3		https://quranenc.com/en/browse/english_rwwad/69#3	
q69_18	verse	Surah al-Haqqah 69:18		https://quranenc.com/en/browse/english_rwwad/69#18	
q71_11_12	verse	Surah Nuh 71:11–12		https://quranenc.com/en/browse/english_rwwad/71#11	
q71_15_16	verse	Surah Nuh 71:15–16		https://quranenc.com/en/browse/english_rwwad/71#15	
q72_8	verse	Surah al-Jinn 72:8		https://quranenc.com/en/browse/english_rwwad/72#8	
q72_10	verse	Surah al-Jinn 72:10		https://quranenc.com/en/browse/english_rwwad/72#10	
q72_12	verse	Surah al-Jinn 72:12		https://quranenc.com/en/browse/english_rwwad/72#12	
q72_20	verse	Surah al-Jinn 72:20		https://quranenc.com/en/browse/english_rwwad/72#20	
q73_7	verse	Surah al-Muzzammil 73:7		https://quranenc.com/en/browse/english_rwwad/73#7	
q73_12_14	verse	Surah al-Muzzammil 73:12–14		https://quranenc.com/en/browse/english_rwwad/73#12	
q73_17	verse	Surah al-Muzzammil 73:17		https://quranenc.com/en/browse/english_rwwad/73#17	
q73_19	verse	Surah al-Muzzammil 73:19		https://quranenc.com/en/browse/english_rwwad/73#19	
q74_35_37	verse	Surah al-Muddaththir 74:35–37		https://quranenc.com/en/browse/english_rwwad/74#35	
q75_3	verse	Surah al-Qiyamah 75:3		https://quranenc.com/en/browse/english_rwwad/75#3	
q75_16	verse	Surah al-Qiyamah 75:16		https://quranenc.com/en/browse/english_rwwad/75#16	
q75_20_21	verse	Surah al-Qiyamah 75:20–21		https://quranenc.com/en/browse/english_rwwad/75#20	
q75_40	verse	Surah al-Qiyamah 75:40		https://quranenc.com/en/browse/english_rwwad/75#40	
q76_4	verse	Surah al-Insan 76:4		https://quranenc.com/en/browse/english_rwwad/76#4	
q76_20	verse	Surah al-Insan 76:20		https://quranenc.com/en/browse/english_rwwad/76#20	
q76_23	verse	Surah al-Insan 76:23		https://quranenc.com/en/browse/english_rwwad/76#23	
q76_29	verse	Surah al-Insan 76:29		https://quranenc.com/en/browse/english_rwwad/76#29	
q76_31	verse	Surah al-Insan 76:31		https://quranenc.com/en/browse/english_rwwad/76#31	
q77_14	verse	Surah al-Mursalat 77:14		https://quranenc.com/en/browse/english_rwwad/77#14	
q77_30_31	verse	Surah al-Mursalat 77:30–31		https://quranenc.com/en/browse/english_rwwad/77#30	
q77_41_42	verse	Surah al-Mursalat 77:41–42		https://quranenc.com/en/browse/english_rwwad/77#41	
q78_6	verse	Surah an-Naba' 78:6		https://quranenc.com/en/browse/english_rwwad/78#6	
q79_26	verse	Surah an-Nazi'at 79:26		https://quranenc.com/en/browse/english_rwwad/79#26	
q79_27	verse	Surah an-Nazi'at 79:27		https://quranenc.com/en/browse/english_rwwad/79#27	
q79_28_29	verse	Surah an-Nazi'at 79:28–29		https://quranenc.com/en/browse/english_rwwad/79#28	
q79_45	verse	Surah an-Nazi'at 79:45		https://quranenc.com/en/browse/english_rwwad/79#45	
q81_19	verse	Surah at-Takwir 81:19		https://quranenc.com/en/browse/english_rwwad/81#19	
q81_22	verse	Surah at-Takwir 81:22		https://quranenc.com/en/browse/english_rwwad/81#22	
q82_6_8	verse	Surah al-Infitar 82:6–8		https://quranenc.com/en/browse/english_rwwad/82#6	
q82_18	verse	Surah al-Infitar 82:18		https://quranenc.com/en/browse/english_rwwad/82#18	
q83_7	verse	Surah al-Mutaffifin 83:7		https://quranenc.com/en/browse/english_rwwad/83#7	
q83_29_31	verse	Surah al-Mutaffifin 83:29–31		https://quranenc.com/en/browse/english_rwwad/83#29	
q83_36	verse	Surah al-Mutaffifin 83:36		https://quranenc.com/en/browse/english_rwwad/83#36	
q84_7_9	verse	Surah al-Inshiqaq 84:7–9		https://quranenc.com/en/browse/english_rwwad/84#7	
q85_12	verse	Surah al-Buruj 85:12		https://quranenc.com/en/browse/english_rwwad/85#12	
q86_5	verse	Surah at-Tariq 86:5		https://quranenc.com/en/browse/english_rwwad/86#5	
q86_13_14	verse	Surah at-Tariq 86:13–14		https://quranenc.com/en/browse/english_rwwad/86#13	
q88_1	verse	Surah al-Ghashiyah 88:1		https://quranenc.com/en/browse/english_rwwad/88#1	
q89_25_26	verse	Surah al-Fajr 89:25–26		https://quranenc.com/en/browse/english_rwwad/89#25	
q89_28	verse	Surah al-Fajr 89:28		https://quranenc.com/en/browse/english_rwwad/89#28	
q90_6	verse	Surah al-Balad 90:6		https://quranenc.com/en/browse/english_rwwad/90#6	
q92_12_13	verse	Surah al-Layl 92:12–13		https://quranenc.com/en/browse/english_rwwad/92#12	
q93_6	verse	Surah ad-Duha 93:6		https://quranenc.com/en/browse/english_rwwad/93#6	
q93_7	verse	Surah ad-Duha 93:7		https://quranenc.com/en/browse/english_rwwad/93#7	
q93_8	verse	Surah ad-Duha 93:8		https://quranenc.com/en/browse/english_rwwad/93#8	
q95_8	verse	Surah at-Tin 95:8		https://quranenc.com/en/browse/english_rwwad/95#8	
q96_1_2	verse	Surah al-'Alaq 96:1–2		https://quranenc.com/en/browse/english_rwwad/96#1	
q97_2	verse	Surah al-Qadr 97:2		https://quranenc.com/en/browse/english_rwwad/97#2	
q97_3	verse	Surah al-Qadr 97:3		https://quranenc.com/en/browse/english_rwwad/97#3	
q101_3	verse	Surah al-Qari'ah 101:3		https://quranenc.com/en/browse/english_rwwad/101#3	
q102_1_2	verse	Surah at-Takathur 102:1–2		https://quranenc.com/en/browse/english_rwwad/102#1	
q102_7	verse	Surah at-Takathur 102:7		https://quranenc.com/en/browse/english_rwwad/102#7	
q107_1	verse	Surah al-Ma'un 107:1		https://quranenc.com/en/browse/english_rwwad/107#1	
